id,latter,gyroX,gyroY,gyroZ,accelX,accelY,accelZ,UserID
5220,A,-0.022549999877810478,0.0364375002682209,-0.05843750014901161,-0.10910454392433167,0.5415763854980469,0.8487149477005005,11
5221,T,-0.005499999970197678,0.13653749227523804,0.10353749990463257,0.007754942402243614,0.5301504731178284,0.8420765995979309,11
5222,F,-0.0672374963760376,0.1695374995470047,0.09391249716281891,-0.03487429395318031,0.5716478228569031,0.8007780909538269,11
5223,A,0.1863124966621399,0.011962499469518661,0.020487500354647636,-0.19242045283317566,0.5445284843444824,0.856760561466217,11
5224,R,0.006324999965727329,0.28888750076293945,-0.03492499887943268,-0.02396843023598194,0.5904157161712646,0.8222991824150085,11
5225,X,0.006324999965727329,0.12484999746084213,0.021449999883770943,-0.028037099167704582,0.5725655555725098,0.8579841256141663,11
5226,B,0.1555124968290329,0.04606249928474426,0.07369999587535858,-0.10818679630756378,0.571341872215271,0.7923195362091064,11
5227,J,0.005224999971687794,-0.1989624947309494,-0.07438749819993973,-0.0891282930970192,0.5923582315444946,0.8491125702857971,11
5228,Z,0.23003749549388885,0.1845249980688095,0.05884999781847,-0.09686794131994247,0.5459509491920471,0.8935773372650146,11
5229,W,-0.007562499959021807,-0.021037500351667404,0.02681249938905239,-0.04660613089799881,0.6109119653701782,0.7864000797271729,11
5230,G,0.025575000792741776,-0.12553749978542328,0.012924999929964542,-0.1779353767633438,0.6261006593704224,0.7666226625442505,11
5231,I,-0.0085249999538064,-0.1531749963760376,0.01718750037252903,-0.11277551203966141,0.5953103303909302,0.8377020359039307,11
5232,J,-0.0906125009059906,-0.26179999113082886,-0.07012499868869781,-0.0771976187825203,0.5828748941421509,0.8168997764587402,11
5233,G,-0.09803749620914459,-0.08813749998807907,-0.026399999856948853,-0.09931526333093643,0.6182539463043213,0.7548908591270447,11
5234,B,-0.0906125009059906,0.24310000240802765,0.012924999929964542,0.05364217236638069,0.5809323787689209,0.8215802907943726,11
5235,D,-0.011824999935925007,-0.07328750193119049,0.025712499395012856,-0.050980713218450546,0.605818510055542,0.7944609522819519,11
5236,J,0.06379999965429306,-0.10518749803304672,-0.027499999850988388,-0.06343144923448563,0.6096883416175842,0.7976271510124207,11
5237,C,-0.0042624999769032,0.14506250619888306,0.014024999924004078,-0.008764460682868958,0.5513656735420227,0.8373960852622986,11
5238,Y,-0.0340999998152256,-0.3619000017642975,-0.032862499356269836,-0.17478446662425995,0.5692005157470703,0.8252512812614441,11
5239,Q,-0.07782500237226486,-0.026399999856948853,0.014024999924004078,-0.09595020115375519,0.5862399339675903,0.769574761390686,11
5240,F,-0.03616249933838844,0.16541250050067902,0.021449999883770943,0.021918801590800285,0.6133593320846558,0.7746835350990295,11
5241,X,0.12251249700784683,0.12058749794960022,0.05128749832510948,-0.03957008942961693,0.5625774264335632,0.8394303917884827,11
5242,N,-0.047987498342990875,-0.1073874980211258,-0.027499999850988388,-0.06444096565246582,0.563082218170166,0.8466653227806091,11
5243,U,-0.06503749638795853,-0.2404875010251999,0.015124999918043613,-0.10768202692270279,0.620196521282196,0.8377020359039307,11
5244,Z,-0.030937500298023224,0.15468749403953552,-0.04028749838471413,-0.007846716791391373,0.590216875076294,0.8543131947517395,11
5245,M,-0.08951249718666077,-0.07218749821186066,0.012924999929964542,-0.05150076746940613,0.6153019070625305,0.8039442896842957,11
5272,S,0.06173750013113022,0.006599999964237213,0.04922499880194664,-0.06129004433751106,0.5881671905517578,0.8413729071617126,11
5273,I,0.07246249914169312,0.14726249873638153,0.00976249948143959,-0.08524318039417267,0.6145830154418945,0.7620339393615723,11
5274,B,-0.15441249310970306,0.05664999783039093,-0.045649997889995575,-0.017850132659077644,0.5745081305503845,0.8315836787223816,11
5275,A,0.018149999901652336,-0.1424500048160553,0.014024999924004078,-0.11502398550510406,0.5469757914543152,0.7851763963699341,11
5276,C,-0.038362499326467514,0.09927500039339066,-0.005087499972432852,0.009682205505669117,0.6047937273979187,0.8772567510604858,11
5277,C,-0.056512501090765,-0.22453749179840088,-0.04881250113248825,-0.028343014419078827,0.5779802799224854,0.8164867758750916,11
5278,Y,-0.15867500007152557,-0.2180749922990799,-0.09679999947547913,-0.10136488825082779,0.5865458846092224,0.8247464895248413,11
5279,B,0.06077500060200691,0.13227500021457672,-0.02433750033378601,-0.006837197579443455,0.5786838531494141,0.8350405693054199,11
5280,Y,-0.1097249984741211,0.21972499787807465,0.020487500354647636,-0.14408591389656067,0.6023463606834412,0.7808018326759338,11
5281,A,0.09583749622106552,-0.04124999791383743,0.006599999964237213,-0.12715351581573486,0.5706382989883423,0.7759071588516235,11
5282,N,0.009624999947845936,-0.2106499969959259,0.0012374999932944775,-0.11421331763267517,0.6007097363471985,0.7890615463256836,11
5283,Z,0.05224999785423279,-0.07012499868869781,0.03959999978542328,0.02702758088707924,0.5998990535736084,0.7874249219894409,11
5284,H,0.08098749816417694,0.23141250014305115,0.05238749831914902,0.09686794131994247,0.5837926864624023,0.7946597337722778,11
5285,P,0.01484999991953373,0.14300000667572021,0.00013749999925494194,-0.056395407766103745,0.6042889356613159,0.7956845760345459,11
5286,Z,0.02983750030398369,0.10353749990463257,0.016224998980760574,-0.0656646266579628,0.5797086954116821,0.8322872519493103,11
5287,Z,0.09693749994039536,0.05348749831318855,-0.013612499460577965,-0.04343991354107857,0.5933677554130554,0.8049691319465637,11
5288,U,0.10009999573230743,0.02474999986588955,0.015124999918043613,-0.15551182627677917,0.5998990535736084,0.7810006737709045,11
5289,T,0.09267500042915344,0.2303124964237213,0.042762499302625656,0.07341957092285156,0.6067362427711487,0.8159820437431335,11
5290,T,0.02983750030398369,0.21216249465942383,-0.023237500339746475,0.06924383342266083,0.6014286279678345,0.845043957233429,11
5291,J,-0.06929999589920044,-0.23732499778270721,0.006599999964237213,-0.10014123469591141,0.6333509087562561,0.7837539315223694,11
5292,R,-0.2055625021457672,-0.1073874980211258,0.022549999877810478,-0.00019884466018993407,0.6123345494270325,0.8084259629249573,11
5293,T,-0.07562500238418579,-0.26922500133514404,-0.023237500339746475,-0.17548806965351105,0.580121636390686,0.7869201302528381,11
5294,W,-0.02667500078678131,0.04922499880194664,0.03959999978542328,-0.06057114526629448,0.6072410345077515,0.85013747215271,11
5295,W,-0.02227500081062317,0.0812624990940094,-0.017875000834465027,-0.03957008942961693,0.6094895005226135,0.8166856169700623,11
5296,Y,-0.002062499988824129,0.11110000312328339,0.050324998795986176,-0.17876136302947998,0.6019334197044373,0.7732457518577576,11
5297,L,0.0906125009059906,-0.057337500154972076,-0.011549999937415123,-0.06760718673467636,0.6011227369308472,0.7788592576980591,11
5324,R,0.1555124968290329,0.3305499851703644,0.0705375000834465,0.01896672137081623,0.6207013130187988,0.7822243571281433,11
5325,U,-0.10862500220537186,-0.12870000302791595,0.006599999964237213,-0.12277893722057343,0.5923582315444946,0.8328073620796204,11
5326,Z,0.05431250110268593,-0.11371249705553055,0.002337499987334013,-0.07322072982788086,0.5699194073677063,0.8418777585029602,11
5327,L,0.020349999889731407,-0.038087498396635056,-0.006187499966472387,-0.05445284768939018,0.5559543967247009,0.8855164647102356,11
5328,W,0.012787500396370888,-0.09033749997615814,0.027912499383091927,0.0037780485581606627,0.6135581731796265,0.769574761390686,11
5329,W,0.025575000792741776,0.0364375002682209,0.020487500354647636,-0.0593474842607975,0.5725655555725098,0.8091448545455933,11
5330,X,-0.002062499988824129,0.2623499929904938,-0.008387500420212746,-0.007341957185417414,0.5535070300102234,0.8884838819503784,11
5331,K,0.11082500219345093,0.0812624990940094,-0.0008249999955296516,-0.10543356835842133,0.5948055982589722,0.8016040325164795,11
5332,J,-0.10642500221729279,-0.22343750298023224,0.0012374999932944775,-0.057817909866571426,0.60162752866745,0.7878378629684448,11
5333,V,-0.10642500221729279,0.19304999709129333,-0.057337500154972076,0.07973671704530716,0.5930618643760681,0.8266890048980713,11
5334,L,-0.0085249999538064,0.020487500354647636,-0.010449999943375587,-0.07444438338279724,0.556260347366333,0.8899063467979431,11
5335,O,-0.0009624999947845936,-0.05939999967813492,0.002337499987334013,-0.08473841845989227,0.5697205662727356,0.7846716046333313,11
5336,H,-0.03189999982714653,-0.13722500205039978,0.011962499469518661,-0.15815798938274384,0.595815122127533,0.7583629488945007,11
5337,I,-0.07562500238418579,-0.16802500188350677,0.011962499469518661,-0.09279927611351013,0.5848021507263184,0.8018028736114502,11
5338,K,-0.03932499885559082,-0.12333749979734421,0.00976249948143959,-0.05587535351514816,0.5767565965652466,0.811592161655426,11
5339,H,-0.015949999913573265,0.12278749793767929,0.01718750037252903,0.033145878463983536,0.5797086954116821,0.8291363716125488,11
5340,A,-0.04152499884366989,-0.02213750034570694,-0.025437500327825546,-0.15673549473285675,0.6007097363471985,0.8196530342102051,11
5341,Z,0.10326249897480011,0.05348749831318855,-0.0147124994546175,-0.01835489273071289,0.5471746325492859,0.860645592212677,11
5342,X,0.12677499651908875,0.172837495803833,0.029975000768899918,0.022331785410642624,0.556260347366333,0.8478889465332031,11
5343,R,0.08098749816417694,0.025849999859929085,0.005499999970197678,-0.009284516796469688,0.5745081305503845,0.8049691319465637,11
5344,X,0.0085249999538064,0.1163249984383583,-0.0030249999836087227,-0.037627529352903366,0.5669673681259155,0.8435144424438477,11
5345,L,-0.0340999998152256,-0.02419999986886978,-0.04028749838471413,-0.00244731898419559,0.6047937273979187,0.8909311294555664,11
5346,M,-0.05211250111460686,-0.16169999539852142,0.015124999918043613,-0.03854527324438095,0.5774601697921753,0.8335109353065491,11
5347,X,0.057612501084804535,0.06737499684095383,0.011962499469518661,-0.012955495156347752,0.5543177723884583,0.843101441860199,11
5348,N,0.04372499883174896,-0.08607500046491623,-0.006187499966472387,-0.05709901452064514,0.5830737352371216,0.85013747215271,11
5349,W,0.10449999570846558,-0.1190750002861023,-0.023237500339746475,-0.07953786849975586,0.5655295252799988,0.8027206063270569,11
5402,Q,0.05128749832510948,-0.0448249988257885,-0.01251249946653843,0.010905865579843521,0.5918382406234741,0.803531289100647,11
5403,B,0.24310000240802765,0.06063750013709068,0.02694999985396862,-0.03957008942961693,0.6353852152824402,0.7910958528518677,11
5404,S,-0.0658624991774559,-0.02241249941289425,-0.05939999967813492,0.032625820487737656,0.6170302629470825,0.7851763963699341,11
5405,V,0.18232500553131104,-0.20996250212192535,-0.010312499478459358,0.05893449857831001,0.6292669177055359,0.7692688703536987,11
5406,H,0.00013749999925494194,0.09693749994039536,0.010999999940395355,-0.10472995042800903,0.6804617643356323,0.714112401008606,11
5407,M,0.0034374999813735485,-0.0042624999769032,0.0034374999813735485,-0.0593474842607975,0.6465969681739807,0.770293653011322,11
5408,G,-0.07548750191926956,0.2737624943256378,0.08758749812841415,0.0890212282538414,0.6101930737495422,0.8100625872612,11
5409,W,-0.07975000143051147,-0.2611125111579895,-0.023099999874830246,-0.07444438338279724,0.6861670613288879,0.7590818405151367,11
5410,Y,0.18246249854564667,0.07026249915361404,-0.07438749819993973,0.11930680274963379,0.668531060218811,0.7827290892601013,11
5411,S,-0.08071249723434448,-0.04688749834895134,-0.003987499978393316,-0.07984378188848495,0.6553767323493958,0.7487725615501404,11
5412,X,-0.08277499675750732,-0.14602500200271606,-0.021037500351667404,-0.01101293507963419,0.6401727795600891,0.7734599113464355,11
5413,M,0.17393749952316284,0.16403749585151672,0.03753750026226044,-0.06129004433751106,0.6658695936203003,0.714617133140564,11
5414,B,0.0034374999813735485,0.20019999146461487,0.03437500074505806,0.08759872615337372,0.6607761383056641,0.7441838383674622,11
5415,V,-0.31501248478889465,-0.48262500762939453,-0.055137500166893005,-0.1306256502866745,0.6846374869346619,0.7285821437835693,11
5416,N,-0.10202500224113464,-0.06393750011920929,-0.021037500351667404,-0.09035196155309677,0.6502679586410522,0.7165597081184387,11
5417,C,-0.0147124994546175,0.19923749566078186,0.06847500056028366,0.0177430622279644,0.6511856913566589,0.7759071588516235,11
5418,Z,0.022687500342726707,-0.22687499225139618,-0.02419999986886978,-0.05862858518958092,0.6245710849761963,0.7653990387916565,11
5419,E,0.21230000257492065,-0.2120250016450882,0.021587500348687172,0.013873239047825336,0.6670932769775391,0.7524434924125671,11
5420,Q,-0.08813749998807907,-0.12361250072717667,0.004537499975413084,-0.08668097853660583,0.6331367492675781,0.7810006737709045,11
5421,M,-0.04977500066161156,-0.13750000298023224,0.0002749999985098839,0.018461961299180984,0.6758730411529541,0.796709418296814,11
5422,H,-0.0008249999955296516,-0.20666250586509705,0.025849999859929085,-0.12553216516971588,0.6873906850814819,0.7028853297233582,11
5423,C,0.04922499880194664,-0.0042624999769032,0.0056374999694526196,0.03966186195611954,0.6707642674446106,0.7578582167625427,11
5424,C,-0.0028874999843537807,0.18424999713897705,0.031075000762939453,0.04925229400396347,0.6587417721748352,0.7769166827201843,11
5425,X,-0.02419999986886978,-0.3867875039577484,-0.06902500241994858,-0.01540281344205141,0.6473159193992615,0.7410328984260559,11
5426,R,0.020487500354647636,-0.1588124930858612,-0.030662499368190765,0.04680497571825981,0.660470187664032,0.7597854733467102,11
5427,Q,-0.021037500351667404,-0.10119999945163727,-0.017875000834465027,-0.09738799929618835,0.6634222865104675,0.7734599113464355,11
5454,R,-0.03629999980330467,0.29768750071525574,0.056512501090765,0.057007234543561935,0.6194776296615601,0.7669286131858826,11
5455,S,0.055275000631809235,-0.2199999988079071,-0.03932499885559082,0.007953786291182041,0.654657781124115,0.7741634845733643,11
5456,H,0.02227500081062317,-0.11137499660253525,-0.0989999994635582,-0.0595463328063488,0.684943437576294,0.7512198686599731,11
5457,J,0.025575000792741776,-0.01223750039935112,0.03946249932050705,-0.06913676112890244,0.6695405840873718,0.6914746761322021,11
5458,B,-0.02667500078678131,0.16885000467300415,0.04262499883770943,0.07750353217124939,0.6494572758674622,0.7692688703536987,11
5459,Z,0.03506249934434891,0.13158750534057617,0.03203750029206276,-0.021215196698904037,0.6257947683334351,0.757139265537262,11
5460,X,0.055275000631809235,-0.009074999950826168,-0.0424874983727932,0.012848424725234509,0.6571051478385925,0.8200507164001465,11
5461,D,0.006462499964982271,-0.03135000169277191,0.03946249932050705,-0.03415539860725403,0.6380313634872437,0.7746835350990295,11
5462,L,-0.033137500286102295,-0.060224998742341995,-0.028737500309944153,-0.048334550112485886,0.6614950299263,0.7713184356689453,11
5463,Q,0.13103750348091125,-0.133650004863739,-0.023375000804662704,-0.09126970171928406,0.6377254128456116,0.7659037709236145,11
5464,E,-0.027637500315904617,0.17311249673366547,0.06613750010728836,-0.008060856722295284,0.6438437104225159,0.7683510780334473,11
5465,D,-0.12787500023841858,0.20721249282360077,0.032999999821186066,0.006531282793730497,0.6790239214897156,0.7158408164978027,11
5466,P,0.08635000139474869,0.04001250118017197,-0.09047500044107437,-0.015601659193634987,0.6739304661750793,0.6435378193855286,11
5467,Y,0.045787498354911804,0.06558749824762344,0.0042624999769032,0.09391586482524872,0.6932030916213989,0.7424553632736206,11
5468,E,0.12787500023841858,0.20611250400543213,0.04688749834895134,-0.016626473516225815,0.6629175543785095,0.730218768119812,11
5469,Z,-0.18108749389648438,-0.08043749630451202,-0.07026249915361404,-0.04048783332109451,0.6790239214897156,0.8012981414794922,11
5470,S,-0.0873124971985817,0.18809999525547028,0.011687500402331352,0.0011165892938151956,0.6739304661750793,0.7436790466308594,11
5471,M,-0.005362499970942736,-0.03891250118613243,-0.030799999833106995,-0.040074847638607025,0.6683169007301331,0.769574761390686,11
5472,J,0.014987500384449959,-0.0611874982714653,-0.04152499884366989,-0.05740492418408394,0.6578240394592285,0.7568333745002747,11
5473,B,-0.16513749957084656,-0.2732124924659729,0.028875000774860382,-0.060265228152275085,0.6468111276626587,0.722678005695343,11
5474,K,-0.04166249930858612,-0.18369999527931213,-0.02969999983906746,-0.046391990035772324,0.6562944650650024,0.7177833318710327,11
5475,V,-0.1097249984741211,0.11990000307559967,-0.018012499436736107,0.004787567537277937,0.6667873859405518,0.7447038888931274,11
5476,W,0.04358749836683273,-0.060224998742341995,0.04262499883770943,-0.05150076746940613,0.6763777732849121,0.7380655407905579,11
5477,I,0.09583749622106552,0.1742125004529953,-0.018012499436736107,-0.050980713218450546,0.6897309422492981,0.6697547435760498,11
5478,H,0.1746249943971634,0.06971249729394913,0.005362499970942736,-0.09717386215925217,0.6744351983070374,0.7036041617393494,11
5479,N,0.019112499430775642,0.4969249963760376,0.09707500040531158,-0.0058123827911913395,0.6621986627578735,0.707581102848053,11
5532,Y,-0.13956250250339508,-0.1816374957561493,-0.1106875017285347,-0.08229110389947891,0.6788251399993896,0.7239016890525818,11
5533,N,0.17998750507831573,0.13791249692440033,0.04592499881982803,-0.029780812561511993,0.653434157371521,0.6934019327163696,11
5534,E,0.1214125007390976,0.17201249301433563,0.0042624999769032,0.029979655519127846,0.6658695936203003,0.7825302481651306,11
5535,P,-0.3867875039577484,0.1251250058412552,-0.1106875017285347,0.07851304858922958,0.6135581731796265,0.6357981562614441,11
5536,E,0.12457499653100967,-0.09322500228881836,0.010724999941885471,0.022331785410642624,0.6450673937797546,0.7515257596969604,11
5537,H,0.10119999945163727,0.3573625087738037,0.05967500060796738,-0.0654657781124115,0.6558814644813538,0.7461263537406921,11
5538,K,-0.06393750011920929,-0.15496249496936798,-0.013749999925494194,-0.03273288905620575,0.644149661064148,0.7869201302528381,11
5539,P,0.013749999925494194,0.07617499679327011,-0.027637500315904617,-0.04538247361779213,0.6404786705970764,0.7536671757698059,11
5540,G,-0.047987498342990875,-0.2498375028371811,-0.15331250429153442,-0.1069631353020668,0.6497631669044495,0.7478548288345337,11
5541,L,-0.09913749992847443,-0.02502499893307686,-0.04468749836087227,-0.049757055938243866,0.6873906850814819,0.7499961853027344,11
5542,O,0.04688749834895134,-0.04207500070333481,0.005362499970942736,-0.04935936629772186,0.6695405840873718,0.7285821437835693,11
5543,H,-0.07672499865293503,-0.09638749808073044,-0.06806249916553497,-0.08198518306016922,0.659965455532074,0.7300199866294861,11
5544,U,0.09267500042915344,-0.04001250118017197,-0.0765874981880188,-0.053229186683893204,0.6548566818237305,0.753973126411438,11
5545,A,0.0042624999769032,-0.020762499421834946,0.01924999989569187,-0.0537339448928833,0.6839185953140259,0.7907899618148804,11
5546,W,0.06063750013709068,-0.12732499837875366,0.020349999889731407,-0.009284516796469688,0.6878037452697754,0.6992143392562866,11
5547,P,-0.06503749638795853,-0.04853750020265579,-0.011687500402331352,-0.011930679902434349,0.6571051478385925,0.7734599113464355,11
5548,R,0.06063750013709068,-0.11879999935626984,0.0,0.047523874789476395,0.6926983594894409,0.7231827974319458,11
5549,N,0.1905750036239624,0.07823749631643295,0.04592499881982803,-0.04935936629772186,0.6688369512557983,0.7429601550102234,11
5550,T,0.08621250092983246,-0.12086249887943268,-0.006324999965727329,0.05261735990643501,0.6958492398262024,0.7338898181915283,11
5551,S,-0.015949999913573265,0.09212499856948853,-0.019112499430775642,-0.021215196698904037,0.7019675374031067,0.7307235598564148,11
5552,N,0.021312499418854713,0.07727500051259995,0.0085249999538064,-0.0595463328063488,0.6734256744384766,0.7136994004249573,11
5553,F,-0.1023000031709671,0.011137500405311584,-0.002062499988824129,0.02600276470184326,0.7007439136505127,0.775387167930603,11
5554,R,-0.010587500408291817,0.009074999950826168,-0.009487500414252281,-0.011211779899895191,0.6695405840873718,0.7324672341346741,11
5555,X,0.12361250072717667,-0.12828749418258667,0.0032999999821186066,-0.04221625253558159,0.6571051478385925,0.7573381662368774,11
5556,F,-0.06710000336170197,0.028187500312924385,-0.019112499430775642,0.0030591487884521484,0.7093095183372498,0.7490784525871277,11
5557,R,-0.021312499418854713,-0.050599999725818634,-0.0042624999769032,0.00010707020555855706,0.6949315071105957,0.7124757766723633,11
5610,X,-0.1755875051021576,0.0798875018954277,-0.023099999874830246,-0.02467203326523304,0.4617326259613037,0.9255912899971008,11
5611,L,-0.017875000834465027,-0.10766249895095825,-0.026399999856948853,-0.08473841845989227,0.46540358662605286,0.8555368781089783,11
5612,B,0.255887508392334,0.4782249927520752,0.13983750343322754,-0.1299067586660385,0.4571439027786255,0.8413729071617126,11
5613,S,0.0034374999813735485,0.14781250059604645,0.0056374999694526196,-0.02783825248479843,0.474672794342041,0.8518658876419067,11
5614,A,-0.08167500048875809,-0.07576250284910202,0.03753750026226044,-0.1606053113937378,0.48905083537101746,0.8415718078613281,11
5615,G,-0.01677500084042549,0.17765000462532043,0.05142499879002571,0.05995931103825569,0.5084304809570312,0.8545273542404175,11
5616,E,-0.03382499888539314,0.057337500154972076,-0.026262499392032623,-0.005093482788652182,0.5418822765350342,0.8252512812614441,11
5617,Z,-0.08057499676942825,-0.016087500378489494,0.006737499963492155,-0.02222471684217453,0.5056772828102112,0.908765971660614,11
5618,V,-0.24461250007152557,0.11275000125169754,-0.025299999862909317,0.026721663773059845,0.5184186100959778,0.9014240503311157,11
5619,K,-0.11990000307559967,-0.3091000020503998,0.011962499469518661,-0.03660271316766739,0.5281161665916443,0.8543131947517395,11
5620,L,-0.012374999932944775,-0.18232500553131104,-0.0017874999903142452,-0.016825318336486816,0.488133043050766,0.8261690139770508,11
5621,J,-0.09858749806880951,-0.2750000059604645,0.030112499371170998,-0.023142458871006966,0.5086293816566467,0.8640106320381165,11
5622,I,0.06338749825954437,-0.05967500060796738,-0.0147124994546175,-0.05812382698059082,0.5550366640090942,0.8228039741516113,11
5623,E,-0.028324998915195465,0.0031624999828636646,0.007699999958276749,0.009896346367895603,0.5462568998336792,0.8527835607528687,11
5624,W,-0.016499999910593033,-0.040562499314546585,0.018424998968839645,-0.11696654558181763,0.5373854041099548,0.8276985287666321,11
5625,A,0.04839999973773956,-0.18754999339580536,0.004537499975413084,-0.09330403059720993,0.501593291759491,0.8869543075561523,11
5626,Y,-0.10491249710321426,0.2694999873638153,0.048124998807907104,0.10534178465604782,0.49497026205062866,0.8640106320381165,11
5627,E,0.12196250259876251,-0.07246249914169312,0.04606249928474426,0.007234886754304171,0.5613538026809692,0.7998602986335754,11
5628,J,-0.028324998915195465,-0.03739999979734421,-0.02956249937415123,-0.06251370906829834,0.5452473759651184,0.8156761527061462,11
5629,M,-0.07727500051259995,0.09693749994039536,0.023649999871850014,-0.010294035077095032,0.516185462474823,0.8750236630439758,11
5630,M,0.08249999582767487,0.10216250270605087,-0.017875000834465027,-0.04883930832147598,0.5403527617454529,0.8161808848381042,11
5631,W,-0.12952500581741333,0.1447875052690506,0.0193875003606081,-0.03660271316766739,0.510373055934906,0.8953057527542114,11
5632,A,-0.03148749843239784,-0.0042624999769032,-0.01993750035762787,-0.0837136059999466,0.5032299757003784,0.8697159886360168,11
5633,F,0.058024998754262924,-0.07039999961853027,0.015124999918043613,0.016213487833738327,0.5350450873374939,0.8088389039039612,11
5634,V,-0.03904999792575836,-0.21216249465942383,-0.02419999986886978,-0.06343144923448563,0.5357640385627747,0.8816466927528381,11
5635,Y,-0.04001250118017197,0.2172500044107437,0.0056374999694526196,0.11441216617822647,0.5471746325492859,0.7797769904136658,11
5662,F,0.17201249301433563,-0.1588124930858612,0.025849999859929085,0.01212952472269535,0.6228426694869995,0.7242075800895691,11
5663,X,0.013199999928474426,0.15015000104904175,-0.057337500154972076,-0.04730973392724991,0.6131604313850403,0.8224980235099792,11
5664,X,0.05486249923706055,0.05637500062584877,-0.038087498396635056,-0.033237650990486145,0.6455874443054199,0.7661179304122925,11
5665,W,0.07713750004768372,0.15331250429153442,0.007699999958276749,-0.09524659067392349,0.6504820585250854,0.7497973442077637,11
5666,U,0.18466250598430634,0.09679999947547913,0.0705375000834465,-0.14010901749134064,0.6802476048469543,0.6416105628013611,11
5667,D,-0.03891250118613243,-0.12155000120401382,0.035337500274181366,0.010202260687947273,0.6343603730201721,0.7851763963699341,11
5668,D,-0.09212499856948853,0.2747249901294708,-0.01677500084042549,-0.04608607664704323,0.6392550468444824,0.7776356339454651,11
5669,G,-0.062424998730421066,-0.4101625084877014,0.04922499880194664,-0.0888223871588707,0.6509868502616882,0.7580570578575134,11
5670,N,0.01223750039935112,-0.020349999889731407,0.04496249929070473,-0.11747131496667862,0.6370218396186829,0.7707984447479248,11
5671,I,-0.05596249923110008,-0.24406249821186066,-0.011412499472498894,-0.05292327702045441,0.6226438283920288,0.7764119505882263,11
5672,N,-0.06338749825954437,-0.19497500360012054,0.013062499463558197,-0.11135300993919373,0.6196764707565308,0.7939561605453491,11
5673,P,0.07397499680519104,0.03932499885559082,0.027912499383091927,-0.11063411831855774,0.6377254128456116,0.7026864290237427,11
5674,A,-0.08579999953508377,-0.10023749619722366,-0.06476250290870667,-0.13184931874275208,0.6072410345077515,0.757139265537262,11
5675,X,-0.07947500050067902,0.055275000631809235,-0.0008249999955296516,0.003365063341334462,0.6480347514152527,0.7797769904136658,11
5676,T,-0.05706249922513962,0.2129874974489212,-0.05197500064969063,0.024779105558991432,0.6634222865104675,0.7749894261360168,11
5677,G,0.011137500405311584,-0.02461249940097332,0.06943749636411667,-0.1430610865354538,0.6490442752838135,0.7548908591270447,11
5678,B,0.16238750517368317,-0.012787500396370888,0.07796250283718109,-0.0773964673280716,0.6389490962028503,0.7536671757698059,11
5679,H,-0.04963750019669533,-0.13859999179840088,-0.04661250114440918,-0.10717727988958359,0.6209000945091248,0.7729398012161255,11
5680,G,0.007974999956786633,0.23003749549388885,0.08978749811649323,-0.11961271613836288,0.6453733444213867,0.7512198686599731,11
5681,U,-0.060362499207258224,-0.042762499302625656,-0.0668250024318695,-0.057817909866571426,0.6301846504211426,0.7851763963699341,11
5682,A,-0.11453749984502792,-0.016087500378489494,-0.0317624993622303,-0.09738799929618835,0.6263148188591003,0.8042502403259277,11
5683,Z,-0.03891250118613243,0.05637500062584877,-0.01677500084042549,-0.044464726001024246,0.6304905414581299,0.7832491397857666,11
5684,Y,0.12828749418258667,-0.2844874858856201,-0.0966624990105629,0.09197331219911575,0.6772955060005188,0.7942621111869812,11
5685,U,-0.04207500070333481,-0.2642749845981598,-0.030662499368190765,-0.08279585838317871,0.6240663528442383,0.7412317395210266,11
5686,C,0.1825999915599823,0.10546249896287918,0.06201250106096268,-0.16794726252555847,0.6343603730201721,0.714112401008606,11
5687,V,-0.12319999933242798,0.05101250112056732,-0.03272499889135361,0.010202260687947273,0.5984765887260437,0.8189340829849243,11
5740,C,0.5332249999046326,0.19689999520778656,0.018424998968839645,0.017437146976590157,0.49149811267852783,0.8132287859916687,11
5741,F,-0.0644875019788742,0.24268749356269836,0.016224998980760574,0.11124593764543533,0.5396338701248169,0.7842586636543274,11
5742,D,-0.2529999911785126,-0.006599999964237213,-0.030662499368190765,0.05976046994328499,0.5950044393539429,0.7744693756103516,11
5743,A,-0.02928750030696392,-0.02461249940097332,-0.038087498396635056,-0.08524318039417267,0.5545165538787842,0.8581982254981995,11
5744,G,0.20074999332427979,0.526075005531311,0.04496249929070473,-0.12134113907814026,0.6573039889335632,0.722463846206665,11
5745,K,-0.08153750002384186,-0.23980000615119934,-0.023237500339746475,-0.035684969276189804,0.6009238958358765,0.7746835350990295,11
5746,W,0.03671250119805336,0.032862499356269836,0.050324998795986176,0.03721454739570618,0.5938878655433655,0.8396292924880981,11
5747,W,-0.12416250258684158,0.05197500064969063,-0.02956249937415123,0.02600276470184326,0.5867447257041931,0.770293653011322,11
5748,Z,-0.030387500301003456,-0.016087500378489494,0.030112499371170998,-0.021521110087633133,0.5594112277030945,0.803531289100647,11
5749,L,0.10064999759197235,0.2480500042438507,0.031075000762939453,-0.053229186683893204,0.6060173511505127,0.7902852296829224,11
5750,W,-0.04853750020265579,0.1190750002861023,-0.015675000846385956,0.03701569885015488,0.617229163646698,0.8016040325164795,11
5751,F,-0.002612499985843897,0.03492499887943268,0.0002749999985098839,0.05414693057537079,0.60162752866745,0.8161808848381042,11
5752,X,-0.1293874979019165,0.15001249313354492,-0.027499999850988388,0.014790983870625496,0.6023463606834412,0.7876237034797668,11
5753,J,0.09102500230073929,0.35983750224113464,0.00989999994635582,-0.04486241564154625,0.604594886302948,0.803026556968689,11
5754,W,-0.07727500051259995,0.13722500205039978,-0.015675000846385956,0.017238304018974304,0.6079599261283875,0.786614179611206,11
5755,O,0.018699999898672104,-0.06627500057220459,-0.04124999791383743,-0.07494914531707764,0.612135648727417,0.7869201302528381,11
5756,H,-0.01759999990463257,0.057337500154972076,0.02474999986588955,-0.1243085116147995,0.612135648727417,0.7341957092285156,11
5757,I,0.1518000066280365,0.42281249165534973,0.031075000762939453,-0.027333494275808334,0.6245710849761963,0.7522446513175964,11
5758,I,0.10821250081062317,-0.15138749778270721,-0.003987499978393316,-0.07199706882238388,0.6170302629470825,0.8217944502830505,11
5759,D,-0.02708750031888485,0.18095000088214874,-0.036024998873472214,0.09881050139665604,0.5984765887260437,0.7683510780334473,11
5760,V,-0.05912499874830246,-0.2952125072479248,-0.021037500351667404,-0.09422177821397781,0.605818510055542,0.7529636025428772,11
5761,E,0.01979999989271164,0.1340624988079071,0.027912499383091927,0.008152631111443043,0.5842974185943604,0.8125098943710327,11
5762,G,0.18383750319480896,0.14258749783039093,0.023649999871850014,-0.04466357082128525,0.6304905414581299,0.7324672341346741,11
5763,D,-0.08992499858140945,0.09033749997615814,-0.0019249999895691872,0.02019038237631321,0.5955091714859009,0.7813065648078918,11
5764,Q,-0.03355000168085098,-0.0672374963760376,-0.030662499368190765,-0.06791310012340546,0.620196521282196,0.7923195362091064,11
5765,J,0.009074999950826168,0.011549999937415123,0.022549999877810478,-0.0832088440656662,0.6397750377655029,0.7583629488945007,11
5766,V,0.03464999794960022,0.12127500027418137,-0.008249999955296516,-0.006317141931504011,0.5518704056739807,0.8284174799919128,11
5767,T,-0.03244999796152115,0.018975000828504562,0.00989999994635582,-0.05740492418408394,0.5872494578361511,0.7874249219894409,11
5768,E,0.16238750517368317,-0.059812501072883606,0.0013749999925494194,-0.1425563395023346,0.5781790614128113,0.7813065648078918,11
5769,X,0.16788749396800995,0.03726249933242798,-0.016087500378489494,-0.0837136059999466,0.6285480260848999,0.7764119505882263,11
5770,E,-0.0728750005364418,0.04358749836683273,-0.025575000792741776,-0.027532339096069336,0.5997002124786377,0.7851763963699341,11
5771,G,0.05389999970793724,-0.06929999589920044,-0.012787500396370888,-0.13746285438537598,0.6317142248153687,0.7954857349395752,11
5772,E,-0.03451250120997429,0.10656250268220901,0.01691249944269657,-0.07444438338279724,0.5909205079078674,0.7608103156089783,11
5773,S,0.029424998909235,-0.11192499846220016,-0.009624999947845936,-0.10523471981287003,0.6101930737495422,0.8177103996276855,11
5774,L,-0.10587500035762787,-0.10436250269412994,0.045787498354911804,-0.10615245997905731,0.627737283706665,0.8245475888252258,11
5775,U,-0.18700000643730164,-0.18548749387264252,-0.06792499870061874,-0.12940199673175812,0.6541531085968018,0.7177833318710327,11
5776,U,-0.19648750126361847,-0.22055000066757202,0.010587500408291817,-0.1552976816892624,0.6595524549484253,0.7112520933151245,11
5777,C,0.05926249921321869,0.0170499999076128,0.01484999991953373,-0.005093482788652182,0.5906145572662354,0.845043957233429,11
5778,N,0.06544999778270721,-0.0032999999821186066,0.020487500354647636,-0.13888536393642426,0.6002049446105957,0.7603055238723755,11
5779,N,0.0952875018119812,0.04675000160932541,-0.04881250113248825,-0.07514798641204834,0.564520001411438,0.8743047118186951,11
5780,I,-0.01759999990463257,-0.16417500376701355,-0.005087499972432852,-0.14061377942562103,0.6394691467285156,0.7385855913162231,11
5781,Y,0.2125750035047531,0.19483749568462372,0.021587500348687172,-0.1896672248840332,0.6585276126861572,0.6589406728744507,11
5782,W,0.0037124999798834324,-0.04386249929666519,-0.015675000846385956,-0.09809160232543945,0.6424212455749512,0.7893674373626709,11
5783,Z,0.002749999985098839,0.02983750030398369,0.004124999977648258,-0.08616092056035995,0.6413964033126831,0.8066974878311157,11
5784,T,0.12952500581741333,0.07878749817609787,0.007424999959766865,0.00010707020555855706,0.6304905414581299,0.7527494430541992,11
5785,V,0.06558749824762344,0.15234999358654022,0.05101250112056732,-0.16355738043785095,0.6443638205528259,0.7100284099578857,11
5786,K,0.02722499892115593,-0.07039999961853027,-0.0032999999821186066,-0.0598522424697876,0.6453733444213867,0.7480689287185669,11
5787,Z,-0.05692499876022339,-0.08208750188350677,0.007424999959766865,-0.06373736262321472,0.5984765887260437,0.7854823470115662,11
5788,J,-0.11123749613761902,-0.14602500200271606,-0.021312499418854713,-0.11063411831855774,0.6487383842468262,0.7187928557395935,11
5789,M,-0.06435000151395798,-0.21092499792575836,-0.02983750030398369,-0.13521437346935272,0.6216189861297607,0.7902852296829224,11
5790,E,-0.06971249729394913,0.12993749976158142,0.032999999821186066,-0.034461311995983124,0.6158066391944885,0.7888473868370056,11
5791,U,-0.141075000166893,-0.25244998931884766,-0.04908749833703041,-0.15285037457942963,0.6580228805541992,0.7842586636543274,11
5792,Y,0.1775124967098236,0.49101248383522034,0.009487500414252281,-0.14061377942562103,0.6824960708618164,0.659965455532074,11
5793,I,0.14959999918937683,0.3086875081062317,-0.045512501150369644,-0.06179480254650116,0.6707642674446106,0.7044149041175842,11
5794,V,-0.12182500213384628,-0.3632749915122986,0.002062499988824129,-0.05180668458342552,0.5974517464637756,0.7422565817832947,11
5795,W,0.03684999793767929,0.0031624999828636646,0.019112499430775642,-0.015907572582364082,0.6091836094856262,0.8156761527061462,11
5796,W,0.062424998730421066,0.04262499883770943,0.14162500202655792,0.043332844972610474,0.5105719566345215,0.9419118762016296,11
5797,X,0.08689999580383301,0.14698749780654907,-0.05871250107884407,0.061687733978033066,0.5462568998336792,0.8823655843734741,11
5798,M,0.06984999775886536,-0.07466249912977219,-0.03946249932050705,-0.015907572582364082,0.5636022686958313,0.8281115293502808,11
5799,L,0.10711249709129333,-0.12993749976158142,0.007424999959766865,-0.03782637417316437,0.6023463606834412,0.8583971261978149,11
5800,I,0.29672500491142273,0.2535499930381775,-0.04166249930858612,-0.06618468463420868,0.6067362427711487,0.722463846206665,11
5801,Q,-0.03135000169277191,-0.24296249449253082,-0.016087500378489494,-0.09686794131994247,0.5818501114845276,0.7774367332458496,11
5802,W,-0.0835999995470047,0.1331000030040741,0.011687500402331352,0.006011227145791054,0.5891920328140259,0.8466653227806091,11
5803,W,-0.05156249925494194,0.09583749622106552,0.010587500408291817,0.02019038237631321,0.605818510055542,0.7810006737709045,11
5804,Y,-0.0728750005364418,-0.4292750060558319,-0.021312499418854713,-0.07514798641204834,0.6240663528442383,0.7678463459014893,11
5805,H,0.04221250116825104,-0.21834999322891235,-0.050187498331069946,-0.009070375934243202,0.5994860529899597,0.765200138092041,11
5806,V,-0.12182500213384628,-0.3866499960422516,-0.07466249912977219,-0.057619065046310425,0.6236533522605896,0.7536671757698059,11
5807,Q,-0.04193750023841858,-0.14066250622272491,-0.03519999980926514,-0.04782979190349579,0.6257947683334351,0.7280774116516113,11
5808,U,-0.16238750517368317,-0.6700375080108643,0.03506249934434891,0.01335318386554718,0.6087706089019775,0.7954857349395752,11
5809,Z,0.010174999944865704,-0.2685374915599823,-0.023512499406933784,0.006011227145791054,0.6109119653701782,0.8025217652320862,11
5810,T,0.07947500050067902,-0.18108749389648438,-0.020349999889731407,0.08187811076641083,0.6163113713264465,0.8447380065917969,11
5811,O,-0.022824998944997787,-0.09693749994039536,-0.004399999976158142,-0.04415880888700485,0.626513659954071,0.7707984447479248,11
5812,U,-0.028187500312924385,-0.26633748412132263,0.02447500079870224,-0.057619065046310425,0.6067362427711487,0.7898721694946289,11
5813,S,0.010174999944865704,-0.04372499883174896,0.03726249933242798,-0.01713123358786106,0.6196764707565308,0.7895662784576416,11
5814,B,0.21683749556541443,0.27156248688697815,0.08621250092983246,-0.08983190357685089,0.6333509087562561,0.7200165390968323,11
5815,X,0.1699499934911728,-0.038362499326467514,-0.018149999901652336,0.04385289549827576,0.578898012638092,0.7797769904136658,11
5816,W,-0.07397499680519104,-0.17256249487400055,0.013749999925494194,-0.022943615913391113,0.6177492141723633,0.8079211711883545,11
5817,F,0.18067499995231628,-0.07878749817609787,-0.023512499406933784,0.07433731108903885,0.6287621259689331,0.7981318831443787,11
5818,Y,0.07631249725818634,0.11935000121593475,0.0648999959230423,-0.11155185848474503,0.659246563911438,0.7334767580032349,11
5819,J,-0.09212499856948853,-0.21408750116825104,-0.04372499883174896,-0.06321731209754944,0.612854540348053,0.749598503112793,11
5820,Q,0.026262499392032623,0.10009999573230743,0.03189999982714653,-0.014683914370834827,0.6257947683334351,0.7935432195663452,11
5821,P,-0.0015124999918043613,-0.0031624999828636646,0.004124999977648258,-0.04293515160679817,0.605818510055542,0.7881437540054321,11
5822,Z,-0.06324999779462814,0.05115000158548355,-0.01718750037252903,0.005001708399504423,0.5899109840393066,0.7805876731872559,11
5823,B,0.0635249987244606,-0.038362499326467514,0.028599999845027924,-0.0717829242348671,0.6119368076324463,0.7946597337722778,11
5824,V,-0.08786249905824661,0.09473749995231628,-0.03946249932050705,0.06852493435144424,0.6065221428871155,0.7932372689247131,11
5825,K,-0.08030000329017639,0.018149999901652336,0.030799999833106995,-0.023142458871006966,0.6156077980995178,0.762446939945221,11
5826,F,0.07411249727010727,0.17366249859333038,-0.004399999976158142,0.0765857920050621,0.612135648727417,0.8228039741516113,11
5827,T,0.22220000624656677,-0.06613750010728836,0.047849997878074646,-0.1667236089706421,0.6473159193992615,0.7380655407905579,11
5828,F,-0.11866249889135361,-0.0085249999538064,-0.020349999889731407,0.023050684481859207,0.6072410345077515,0.7536671757698059,11
5829,B,0.12430000305175781,0.20446249842643738,-0.12787500023841858,0.05088894069194794,0.6294657588005066,0.7881437540054321,11
5830,C,-0.0387750007212162,-0.005362499970942736,0.005224999971687794,0.02722642384469509,0.6207013130187988,0.7998602986335754,11
5831,W,0.04331250116229057,-0.10656250268220901,-0.04592499881982803,-0.008060856722295284,0.617229163646698,0.8156761527061462,11
5832,B,-0.014299999922513962,-0.0085249999538064,0.04138749837875366,-0.04905344918370247,0.6168314814567566,0.7902852296829224,11
5833,T,0.12209999561309814,0.12457499653100967,-0.038362499326467514,0.030698556452989578,0.6160054802894592,0.7422565817832947,11
5834,C,0.04221250116825104,0.11604999750852585,-0.018149999901652336,0.045780159533023834,0.5982624292373657,0.7988507747650146,11
5835,I,0.16898749768733978,0.009624999947845936,0.038224998861551285,-0.057817909866571426,0.6312094330787659,0.8054738640785217,11
5836,N,0.00494999997317791,0.3110249936580658,0.008387500420212746,-0.006837197579443455,0.6203953623771667,0.7842586636543274,11
5837,H,-0.03231250122189522,0.1629374921321869,-0.03519999980926514,0.09585842490196228,0.6353852152824402,0.7886485457420349,11
5838,N,-0.05678749829530716,-0.09487500041723251,0.009487500414252281,-0.043241068720817566,0.6309035420417786,0.7664238214492798,11
5839,V,-0.02694999985396862,0.03726249933242798,-0.03739999979734421,0.031203318387269974,0.6312094330787659,0.7864000797271729,11
5840,O,-0.12072499841451645,-0.07878749817609787,-0.04166249930858612,-0.07270067185163498,0.6550708413124084,0.7534683346748352,11
5841,D,-0.013199999928474426,0.0873124971985817,0.021175000816583633,0.04282808303833008,0.614384114742279,0.8240276575088501,11
5842,L,0.09446249902248383,0.27912500500679016,-0.027775000780820847,-0.01835489273071289,0.6160054802894592,0.7915088534355164,11
5843,I,-0.1985500007867813,-0.4133250117301941,0.0424874983727932,-0.1245073527097702,0.6560803651809692,0.672599732875824,11
5844,B,0.43312498927116394,0.34498751163482666,0.20899999141693115,-0.10206850618124008,0.5799075365066528,0.8335109353065491,11
5845,A,0.13708749413490295,0.09459999948740005,0.006599999964237213,-0.0707734003663063,0.6207013130187988,0.7956845760345459,11
5846,F,0.19772499799728394,-0.3910500109195709,0.07796250283718109,0.07586688548326492,0.6506809592247009,0.7329720258712769,11
5847,I,0.14135000109672546,0.23732499778270721,-0.057337500154972076,-0.09962117671966553,0.6807676553726196,0.7251253128051758,11
5848,H,0.16046249866485596,-0.021449999883770943,0.021449999883770943,-0.09544543921947479,0.661189079284668,0.7461263537406921,11
5849,T,-0.13887499272823334,0.5878124833106995,0.015124999918043613,0.05801675096154213,0.6746493577957153,0.7112520933151245,11
5850,F,0.16788749396800995,-0.19401249289512634,-0.07122500240802765,0.006011227145791054,0.6289609670639038,0.749598503112793,11
5851,T,0.17641249299049377,-0.10353749990463257,0.0012374999932944775,0.05486582964658737,0.7147242426872253,0.6765766143798828,11
5852,V,-0.05458749830722809,-0.1163249984383583,-0.032862499356269836,-0.09227921813726425,0.6460922360420227,0.7466311454772949,11
5853,W,-0.179299995303154,-0.10876250267028809,-0.03492499887943268,-0.08198518306016922,0.6697547435760498,0.7019675374031067,11
5854,P,-0.08662500232458115,-0.1396999955177307,-0.010449999943375587,-0.04538247361779213,0.6716820001602173,0.7251253128051758,11
5855,Z,0.02419999986886978,0.0775500014424324,0.0705375000834465,-0.009284516796469688,0.6321272253990173,0.753973126411438,11
5856,N,0.15303750336170197,0.26083749532699585,-0.07864999771118164,-0.04415880888700485,0.6629175543785095,0.7312436103820801,11
5857,J,0.2788499891757965,0.015812499448657036,0.09611249715089798,-0.06638352572917938,0.6502679586410522,0.7902852296829224,11
5858,H,0.1882375031709671,0.2480500042438507,0.014024999924004078,-0.07790122181177139,0.6663896441459656,0.6548566818237305,11
5859,M,-0.0812624990940094,0.14891250431537628,-0.047712501138448715,-0.011425920762121677,0.6543518900871277,0.727052628993988,11
5860,K,0.2297624945640564,0.19373749196529388,0.04702499881386757,-0.03712277114391327,0.6797428727149963,0.7170644998550415,11
5861,U,0.1755875051021576,0.4259749948978424,0.04496249929070473,-0.10136488825082779,0.7210413217544556,0.67607182264328,11
5862,W,0.1457500010728836,-0.19717499613761902,0.08758749812841415,-0.016825318336486816,0.6457862854003906,0.7641753554344177,11
5863,V,0.003987499978393316,0.2619374990463257,0.04496249929070473,0.046499062329530716,0.6482335925102234,0.770293653011322,11
5864,K,0.12430000305175781,0.2523125112056732,0.03423750028014183,-0.10014123469591141,0.6778002977371216,0.67607182264328,11
5865,S,-0.12168750166893005,-0.006599999964237213,-0.02433750033378601,-0.021215196698904037,0.6885073184967041,0.7347004413604736,11
5866,C,0.1307625025510788,-0.0364375002682209,-0.02969999983906746,0.01896672137081623,0.6641412377357483,0.7795782089233398,11
5867,K,-0.11110000312328339,-0.16843749582767487,-0.0849749967455864,-0.0888223871588707,0.6814712882041931,0.6675062775611877,11
5868,M,0.15950000286102295,-0.16637499630451202,0.008662499487400055,-0.10420989990234375,0.6268195509910583,0.8433002829551697,11
5869,K,-0.05362499877810478,-0.089649997651577,-0.012649999931454659,-0.09595020115375519,0.6709784269332886,0.720934271812439,11
6000,M,0.09679999947547913,0.09583749622106552,-0.008387500420212746,-0.05251028761267662,0.45397767424583435,0.8728821873664856,11
6001,X,-0.07576250284910202,0.14904999732971191,-0.027499999850988388,0.04385289549827576,0.48375847935676575,0.8797041177749634,11
6002,H,0.08923749625682831,0.4250124990940094,0.03217500075697899,-0.11574289202690125,0.5289267897605896,0.8252512812614441,11
6003,Z,-0.10243749618530273,0.06599999964237213,0.007699999958276749,0.012343665584921837,0.4856857657432556,0.8686911463737488,11
6004,X,0.17874999344348907,-0.2461249977350235,0.016224998980760574,0.04802863299846649,0.5027252435684204,0.8845987915992737,11
6005,L,0.07644999772310257,0.3003000020980835,-0.04661250114440918,-0.03976893424987793,0.5433048009872437,0.8203566074371338,11
6006,M,-0.21642500162124634,-0.10876250267028809,0.0193875003606081,-0.03048441745340824,0.4846762418746948,0.8364783525466919,11
6007,G,0.09776250272989273,0.16609999537467957,0.014024999924004078,0.06413505971431732,0.493945449590683,0.8410670757293701,11
6008,H,-0.17379999160766602,-0.234437495470047,0.023649999871850014,-0.05058302357792854,0.5135239958763123,0.8596208095550537,11
6009,A,-0.1578499972820282,-0.09693749994039536,0.006599999964237213,-0.057817909866571426,0.5047595500946045,0.8545273542404175,11
6010,V,-0.1993750035762787,0.3195500075817108,0.029012499377131462,0.05823089927434921,0.5025110840797424,0.9077564477920532,11
6011,Y,0.0030249999836087227,0.040424998849630356,-0.04235000163316727,0.12369667738676071,0.5371865034103394,0.8313695192337036,11
6012,E,0.03712499886751175,0.005224999971687794,-0.005087499972432852,-0.001223659492097795,0.5115967392921448,0.8625728487968445,11
6013,H,0.06696250289678574,0.16403749585151672,-0.0147124994546175,-0.1423574835062027,0.5606348514556885,0.8186282515525818,11
6014,T,0.16279999911785126,-0.12044999748468399,-0.020075000822544098,0.11094003170728683,0.5352439880371094,0.8816466927528381,11
6015,R,-0.09611249715089798,0.10752499848604202,0.029012499377131462,0.05364217236638069,0.5840985774993896,0.803026556968689,11
6016,K,-0.057750001549720764,-0.14272500574588776,-0.05623750016093254,-0.0717829242348671,0.5386090278625488,0.8228039741516113,11
6017,U,0.0775500014424324,0.2513499855995178,0.05664999783039093,-0.1247062012553215,0.612135648727417,0.7720220685005188,11
6018,X,-0.1461624950170517,0.19277499616146088,0.03423750028014183,0.05312211811542511,0.4981364905834198,0.9021429419517517,11
6019,D,-0.07150000333786011,0.0085249999538064,0.025712499395012856,0.01427092868834734,0.5589064955711365,0.8767520189285278,11
6020,R,0.10848750174045563,0.23856249451637268,0.02681249938905239,0.023050684481859207,0.5755329132080078,0.7995544075965881,11
6021,B,0.049912501126527786,0.009487500414252281,0.04922499880194664,-0.0775953084230423,0.5615526437759399,0.8042502403259277,11
6022,G,0.25753748416900635,-0.05224999785423279,0.012924999929964542,0.0834076851606369,0.5518704056739807,0.8056727051734924,11
6023,U,-0.10051249712705612,0.16073749959468842,-0.045649997889995575,-0.045168329030275345,0.49639278650283813,0.9201918840408325,11
6024,I,0.04647500067949295,-0.18768750131130219,-0.0030249999836087227,0.02283654548227787,0.432976633310318,0.7636706233024597,11
6025,G,0.0976250022649765,0.35571250319480896,0.10670000314712524,-0.04252216964960098,0.5281161665916443,0.8027206063270569,11
6052,N,-0.10903749614953995,-0.1214125007390976,0.021449999883770943,-0.022438855841755867,0.5072068572044373,0.906318724155426,11
6053,A,0.025299999862909317,0.06929999589920044,-0.08181250095367432,-0.04099259153008461,0.5191375017166138,0.7971071004867554,11
6054,C,0.01677500084042549,0.14176249504089355,-0.008387500420212746,0.04608607664704323,0.5615526437759399,0.8212743401527405,11
6055,K,0.006049999967217445,0.0672374963760376,-0.04028749838471413,-0.014377998188138008,0.5760377049446106,0.8063915967941284,11
6056,U,-0.13241249322891235,-0.1905750036239624,-0.038087498396635056,-0.055370595306158066,0.5911346077919006,0.8342298865318298,11
6057,C,-0.10903749614953995,0.04166249930858612,0.035337500274181366,0.04730973392724991,0.5445284843444824,0.8515599370002747,11
6058,S,-0.015262499451637268,-0.047849997878074646,0.016087500378489494,-0.027333494275808334,0.5679768323898315,0.8254654407501221,11
6059,A,0.052937500178813934,0.05335000157356262,0.02461249940097332,-0.03048441745340824,0.5748140215873718,0.7954857349395752,11
6060,I,-0.03231250122189522,-0.04468749836087227,-0.017875000834465027,-0.025589779019355774,0.5840985774993896,0.8410670757293701,11
6061,O,0.2106499969959259,0.09377499669790268,0.023649999871850014,-0.019777396693825722,0.5877695679664612,0.7285821437835693,11
6062,X,-0.018424998968839645,0.07782500237226486,0.033137500286102295,0.055370595306158066,0.578898012638092,0.852385938167572,11
6063,N,0.13612499833106995,0.007562499959021807,0.016087500378489494,-0.0712781697511673,0.5833796262741089,0.8051679730415344,11
6064,J,-0.11110000312328339,-0.12347500026226044,-0.02969999983906746,-0.06740833818912506,0.5779802799224854,0.81281578540802,11
6065,D,-0.033275000751018524,0.06503749638795853,-0.0147124994546175,0.020909281447529793,0.5655295252799988,0.8330062031745911,11
6066,A,0.021037500351667404,0.07562500238418579,0.042762499302625656,-0.027333494275808334,0.5835785269737244,0.8459616899490356,11
6067,F,0.009349999949336052,-0.16403749585151672,-0.008387500420212746,0.05873565748333931,0.6019334197044373,0.8152631521224976,11
6068,K,-0.09184999763965607,-0.13420000672340393,0.012924999929964542,-0.03293173387646675,0.5735903978347778,0.823721706867218,11
6069,P,-0.05884999781847,-0.028737500309944153,0.010862499475479126,0.016718247905373573,0.6026523113250732,0.8235228061676025,11
6070,R,-0.09515000134706497,-0.018012499436736107,-0.045649997889995575,0.017941907048225403,0.6082658171653748,0.8786945343017578,11
6071,T,-0.028049999848008156,-0.16830000281333923,0.010862499475479126,-0.118694968521595,0.659965455532074,0.7317483425140381,11
6072,T,-0.14836250245571136,-0.2630375027656555,-0.06806249916553497,-0.07881896942853928,0.6301846504211426,0.7793640494346619,11
6073,C,-0.007699999958276749,0.14918750524520874,0.03423750028014183,0.041910335421562195,0.5686957240104675,0.8086400628089905,11
6074,M,-0.07479999959468842,-0.030799999833106995,0.021449999883770943,0.006011227145791054,0.5877695679664612,0.8252512812614441,11
6075,E,0.08703749626874924,-0.028737500309944153,-0.03918749839067459,0.023356599733233452,0.5904157161712646,0.8298399448394775,11
6076,P,-0.050324998795986176,-0.045787498354911804,0.011824999935925007,0.02947489731013775,0.5706382989883423,0.8415718078613281,11
6077,K,0.07644999772310257,0.025575000792741776,0.011962499469518661,0.0,0.5991801619529724,0.7734599113464355,11
6078,N,0.0775500014424324,0.047987498342990875,-0.006187499966472387,0.0006118297460488975,0.5748140215873718,0.810368537902832,11
6079,D,-0.06201250106096268,0.04908749833703041,-0.02956249937415123,0.04282808303833008,0.5835785269737244,0.7790580987930298,11
6080,L,-0.17063750326633453,-0.07342500239610672,-0.043449997901916504,-0.028557153418660164,0.5884731411933899,0.7795782089233398,11
6081,R,-0.033275000751018524,-0.03932499885559082,-0.004124999977648258,0.0770905464887619,0.6023463606834412,0.8357594013214111,11
6082,X,-0.020487500354647636,0.050187498331069946,-0.02433750033378601,0.039463020861148834,0.5955091714859009,0.8447380065917969,11
6083,Z,0.06476250290870667,-0.005224999971687794,0.014024999924004078,-0.011731835082173347,0.5730856657028198,0.8520799875259399,11
6084,B,-0.011962499469518661,0.13103750348091125,-0.038087498396635056,0.09605726599693298,0.5933677554130554,0.8235228061676025,11
6085,W,0.01993750035762787,-0.07562500238418579,0.021449999883770943,-0.027333494275808334,0.5918382406234741,0.81087327003479,11
6086,F,-0.03753750026226044,0.09707500040531158,-0.025299999862909317,0.06260547786951065,0.5797086954116821,0.810368537902832,11
6087,W,0.05197500064969063,-0.05211250111460686,0.014024999924004078,-0.028557153418660164,0.5636022686958313,0.8518658876419067,11
6088,M,-0.09721250087022781,-0.03506249934434891,-0.04235000163316727,0.02019038237631321,0.5567650198936462,0.8408529758453369,11
6089,H,-0.14932499825954437,-0.1896124929189682,-0.017875000834465027,-0.05587535351514816,0.6011227369308472,0.8144524693489075,11
6090,S,-0.06751249730587006,-0.01718750037252903,0.002337499987334013,0.004787567537277937,0.6007097363471985,0.7874249219894409,11
6091,Q,0.05926249921321869,0.032862499356269836,-0.028599999845027924,-0.019471481442451477,0.6135581731796265,0.8538084030151367,11
6092,W,-0.04619999974966049,-0.011824999935925007,0.02681249938905239,0.010202260687947273,0.5737892389297485,0.7856964468955994,11
6093,U,-0.045099999755620956,-0.13859999179840088,-0.07012499868869781,-0.035684969276189804,0.5581876039505005,0.8652343153953552,11
6094,T,0.12209999561309814,0.24598750472068787,-0.006187499966472387,0.11655355989933014,0.5896968245506287,0.7944609522819519,11
6095,M,-0.09624999761581421,-0.21642500162124634,-0.026537500321865082,0.030178504064679146,0.5835785269737244,0.8313695192337036,11
6096,K,0.09872499853372574,0.11921250075101852,0.018287500366568565,-0.007846716791391373,0.5909205079078674,0.7813065648078918,11
6097,P,-0.025987500324845314,0.06063750013709068,0.008662499487400055,-0.002952078590169549,0.5935819149017334,0.8379008173942566,11
6098,E,0.1658249944448471,-0.12155000120401382,0.04702499881386757,0.09024488925933838,0.6014286279678345,0.7839527130126953,11
6099,J,-0.02681249938905239,-0.17352500557899475,-0.02213750034570694,-0.03293173387646675,0.5977576971054077,0.8117910027503967,11
6100,B,-0.03217500075697899,0.05871250107884407,0.027912499383091927,0.10971636325120926,0.5327966213226318,0.8637965321540833,11
6101,G,-0.016224998980760574,0.18548749387264252,-0.006187499966472387,-0.05690016597509384,0.5994860529899597,0.8010839819908142,11
6102,F,-0.03863750025629997,-0.07768750190734863,-0.021037500351667404,0.06291139125823975,0.5891920328140259,0.8020017147064209,11
6103,H,-0.016224998980760574,-0.1905750036239624,-0.010449999943375587,-0.01713123358786106,0.5840985774993896,0.8147583603858948,11
6104,E,-0.01952499896287918,0.08923749625682831,0.00013749999925494194,-0.006837197579443455,0.481311172246933,0.8660449981689453,11
6105,J,-0.172837495803833,-0.1652749925851822,-0.028599999845027924,-0.12644991278648376,0.47712013125419617,0.8601256012916565,11
6106,W,0.01251249946653843,-0.03423750028014183,0.025712499395012856,-0.032013989984989166,0.5086293816566467,0.810368537902832,11
6107,T,0.01251249946653843,-0.016224998980760574,-0.036024998873472214,0.014989827759563923,0.48834720253944397,0.8305588960647583,11
6108,Z,0.0742499977350235,-0.089649997651577,-0.005224999971687794,-0.08229110389947891,0.49588802456855774,0.8909311294555664,11
6109,U,-0.15798750519752502,-0.43697500228881836,-0.0765874981880188,-0.1183890551328659,0.5098530650138855,0.8511622548103333,11
6110,Q,-0.17393749952316284,0.1691250056028366,-0.047712501138448715,-0.15551182627677917,0.45959118008613586,0.8897075057029724,11
6111,B,-0.015262499451637268,-0.09075000137090683,-0.0030249999836087227,-0.1611100733280182,0.4576486647129059,0.8382067680358887,11
6112,T,0.02199999988079071,0.032862499356269836,-0.0147124994546175,0.05292327702045441,0.46733084321022034,0.8550320267677307,11
6113,U,0.0518375001847744,-0.031075000762939453,0.01718750037252903,-0.11012935638427734,0.49516913294792175,0.803745448589325,11
6114,S,0.0017874999903142452,-0.12691250443458557,-0.032862499356269836,-0.05292327702045441,0.4995589852333069,0.8562557101249695,11
6115,L,-0.03451250120997429,0.0019249999895691872,0.015124999918043613,-0.07637164741754532,0.4751928746700287,0.8723621964454651,11
6116,K,0.016637500375509262,-0.022549999877810478,0.0034374999813735485,-0.10420989990234375,0.48426324129104614,0.8679875731468201,11
6117,H,-0.060087498277425766,-0.14932499825954437,-0.012649999931454659,-0.006837197579443455,0.4878271520137787,0.8672686219215393,11
6118,W,0.012374999932944775,-0.1013374999165535,0.011824999935925007,-0.10329215973615646,0.5105719566345215,0.872056245803833,11
6119,L,-0.013199999928474426,0.01691249944269657,-0.021175000816583633,-0.06199365109205246,0.4981364905834198,0.8579841256141663,11
6120,G,0.06998749822378159,0.09679999947547913,0.012924999929964542,-0.01632055826485157,0.5189387202262878,0.8620681166648865,11
6121,V,0.009212499484419823,-0.22068749368190765,0.040699999779462814,-0.14041492342948914,0.49497026205062866,0.8708325624465942,11
6122,X,0.0006874999962747097,-0.11302500218153,0.00013749999925494194,-0.045168329030275345,0.49619391560554504,0.865739107131958,11
6123,M,0.010312499478459358,-0.1120624989271164,-0.03918749839067459,-0.09647025913000107,0.5100671648979187,0.8730810284614563,11
6124,T,-0.01209999993443489,0.09790000319480896,0.00013749999925494194,-0.023142458871006966,0.5117955803871155,0.8716585636138916,11
6125,W,0.008112499490380287,-0.010862499475479126,-0.012649999931454659,-0.0773964673280716,0.48446211218833923,0.8998944759368896,11
6126,I,0.0411125011742115,-0.22921249270439148,-0.07864999771118164,-0.03712277114391327,0.5333166718482971,0.7548908591270447,11
6127,D,-0.020487500354647636,0.0030249999836087227,0.008662499487400055,0.021108126267790794,0.4871235191822052,0.8779757022857666,11
6128,D,-0.0193875003606081,-0.04592499881982803,0.004399999976158142,-0.015907572582364082,0.4762023687362671,0.9107086062431335,11
6129,G,-0.06091250106692314,-0.24722500145435333,0.02681249938905239,-0.11644649505615234,0.48345255851745605,0.908765971660614,11
6208,K,0.03506249934434891,0.03904999792575836,0.01952499896287918,-0.011930679902434349,0.4095129370689392,0.9240617752075195,11
6209,U,0.16073749959468842,0.08813749998807907,0.05142499879002571,-0.1476498246192932,0.4871235191822052,0.8200507164001465,11
6210,N,-0.03629999980330467,-0.14739999175071716,0.031212499365210533,-0.048135705292224884,0.4100329875946045,0.9224403500556946,11
6211,Z,-0.002199999988079071,0.12540000677108765,-0.0017874999903142452,0.04527540132403374,0.43103405833244324,0.9014240503311157,11
6212,B,0.11604999750852585,0.12540000677108765,0.015262499451637268,-0.04935936629772186,0.4441884160041809,0.8737999796867371,11
6213,W,-0.00013749999925494194,0.012374999932944775,-0.03698749840259552,0.006928971968591213,0.4681568145751953,0.8842928409576416,11
6214,B,0.10752499848604202,0.0752125009894371,-0.028462499380111694,0.14714504778385162,0.4449072778224945,0.8977530598640442,11
6215,T,0.007424999959766865,-0.04193750023841858,0.006737499963492155,-0.1891624629497528,0.48273366689682007,0.8850117921829224,11
6216,Y,0.16926249861717224,0.06146249920129776,0.01952499896287918,0.12756650149822235,0.4858998954296112,0.8261690139770508,11
6217,Y,-0.10023749619722366,0.10615000128746033,0.0056374999694526196,0.07995085418224335,0.4764164984226227,0.8623740673065186,11
6218,J,-0.09281250089406967,-0.3422375023365021,-0.011412499472498894,-0.0773964673280716,0.4505055248737335,0.9077564477920532,11
6219,P,0.0042624999769032,0.07631249725818634,-0.03162499889731407,-0.07514798641204834,0.45417654514312744,0.8689053058624268,11
6220,N,0.22151249647140503,0.18177500367164612,0.05252499878406525,-0.07514798641204834,0.462038516998291,0.8440191149711609,11
6221,S,-0.06187500059604645,0.02736249938607216,-0.043449997901916504,-0.011425920762121677,0.4634610116481781,0.8540072441101074,11
6222,V,-0.016087500378489494,0.04221250116825104,-0.025299999862909317,0.13908419013023376,0.445610910654068,0.9307001233100891,11
6223,U,0.015949999913573265,-0.1153625026345253,0.013062499463558197,-0.12206003069877625,0.47080299258232117,0.8581982254981995,11
6224,H,0.009487500414252281,0.6175125241279602,0.01952499896287918,0.10534178465604782,0.45540016889572144,0.8899063467979431,11
6225,K,0.005224999971687794,-0.12182500213384628,0.018424998968839645,-0.04905344918370247,0.4629562497138977,0.9206967353820801,11
6226,H,-0.033137500286102295,0.1732500046491623,-0.02736249938607216,0.11777722835540771,0.47764018177986145,0.900720477104187,11
6227,V,-0.13433749973773956,-0.16541250050067902,-0.02419999986886978,-0.08840940147638321,0.4753917157649994,0.8774709105491638,11
6228,V,-0.08951249718666077,-0.1835625022649765,0.020487500354647636,-0.10840093344449997,0.4907945394515991,0.8438202738761902,11
6229,T,-0.056512501090765,0.0859375,-0.006049999967217445,0.09238629043102264,0.4807910919189453,0.8611503839492798,11
6230,N,-0.06297499686479568,-0.08552499860525131,0.00989999994635582,-0.10615245997905731,0.4793685972690582,0.8872602581977844,11
6231,X,-0.05444999784231186,-0.07603749632835388,0.02694999985396862,0.06067821756005287,0.44276589155197144,0.9047891497612,11
6232,J,-0.11824999749660492,-0.1494625061750412,0.014162499457597733,-0.10034007579088211,0.4866034984588623,0.8713526725769043,11
6233,Z,0.0042624999769032,-0.195250004529953,0.025849999859929085,-0.002646163571625948,0.4874294698238373,0.8679875731468201,11
6260,N,0.17902499437332153,0.5055875182151794,-0.03162499889731407,0.08218403160572052,0.3608724772930145,0.9156031608581543,11
6261,J,-0.2609750032424927,-0.18796250224113464,-0.0038499999791383743,-0.004389878362417221,0.4193022549152374,0.898976743221283,11
6262,W,0.08208750188350677,0.16142499446868896,-0.03368749842047691,-0.017330078408122063,0.38311249017715454,0.9285587072372437,11
6263,A,-0.09583749622106552,-0.09418749809265137,-0.023099999874830246,-0.018553735688328743,0.38167470693588257,0.9228380918502808,11
6264,X,-0.08304999768733978,-0.013199999928474426,0.025987500324845314,0.04405174031853676,0.38188883662223816,0.8906252980232239,11
6265,E,0.01924999989569187,0.09968750178813934,0.022687500342726707,0.07953786849975586,0.43052929639816284,0.8958258032798767,11
6266,K,-0.13420000672340393,-0.17723749577999115,0.035475000739097595,-0.029780812561511993,0.4100329875946045,0.8877649307250977,11
6267,P,0.0170499999076128,-0.133650004863739,0.028049999848008156,0.00010707020555855706,0.4085034132003784,0.8781746029853821,11
6268,E,-0.04688749834895134,0.11027500033378601,-0.017737500369548798,0.03283996134996414,0.3909592032432556,0.9201918840408325,11
6269,V,-0.08098749816417694,-0.25712499022483826,-0.04441250115633011,-0.08229110389947891,0.40024372935295105,0.8935773372650146,11
6270,G,-0.03726249933242798,0.0005499999970197678,0.0056374999694526196,0.12053045630455017,0.3794415295124054,0.9357935786247253,11
6271,G,-0.03616249933838844,0.0943249985575676,0.03657500073313713,0.0827040895819664,0.37219133973121643,0.9700560569763184,11
6272,W,0.020212499424815178,-0.1251250058412552,-0.006049999967217445,-0.03976893424987793,0.3907603621482849,0.9270291328430176,11
6273,J,-0.12347500026226044,-0.1069749966263771,0.02694999985396862,0.007234886754304171,0.38412201404571533,0.9567946791648865,11
6274,Z,-0.10862500220537186,-0.08566249907016754,0.00989999994635582,0.019471481442451477,0.39585384726524353,0.912850022315979,11
6275,T,-0.047849997878074646,-0.10161250084638596,-0.030524998903274536,0.15326334536075592,0.42052584886550903,0.8811419010162354,11
6276,Q,-0.026537500321865082,-0.1985500007867813,0.006737499963492155,-0.07953786849975586,0.37138065695762634,0.9292622804641724,11
6277,D,-0.11288750171661377,0.1284250020980835,-0.012374999932944775,0.09686794131994247,0.40533721446990967,0.8821514248847961,11
6278,A,-0.17366249859333038,0.04001250118017197,0.01209999993443489,-0.03467544913291931,0.4095129370689392,0.9026477336883545,11
6279,K,0.0042624999769032,0.0635249987244606,-0.00494999997317791,-0.01835489273071289,0.41807857155799866,0.8767520189285278,11
6280,G,-0.17998750507831573,-0.30621248483657837,-0.020899999886751175,-0.08229110389947891,0.4461309313774109,0.8948010206222534,11
6281,Z,-0.07136250287294388,-0.02488750033080578,-0.008112499490380287,0.03283996134996414,0.4019721448421478,0.9353806376457214,11
6282,P,-0.06173750013113022,-0.141075000166893,0.01746249943971634,-0.008259701542556286,0.38871073722839355,0.9312048554420471,11
6283,Q,-0.09583749622106552,-0.004674999974668026,0.010999999940395355,0.025085018947720528,0.4165489673614502,0.9277327060699463,11
6284,I,0.07136250287294388,0.30524998903274536,0.03973750025033951,-0.027119355276226997,0.42930564284324646,0.8652343153953552,11
6285,M,-0.06173750013113022,-0.06751249730587006,-0.01347499992698431,-0.024167275056242943,0.378722608089447,0.866457998752594,11
6286,F,0.0340999998152256,0.21147499978542328,0.04193750023841858,-0.11104710400104523,0.43684646487236023,0.8667639493942261,11
6287,Z,-0.1405249983072281,-0.04097500070929527,-0.04867500066757202,0.02825123816728592,0.3916780948638916,0.9499727487564087,11
6288,A,0.021312499418854713,-0.008937500417232513,0.06531249731779099,0.006730126682668924,0.40044257044792175,0.8953057527542114,11
6289,A,-0.026537500321865082,-0.03355000168085098,-0.05073750019073486,-0.028037099167704582,0.3877929747104645,0.9053092002868652,11
6290,Z,0.01718750037252903,0.016637500375509262,-0.0411125011742115,0.06902968883514404,0.3697440028190613,0.9287576079368591,11
6291,L,0.13846249878406525,0.11027500033378601,0.04619999974966049,-0.05058302357792854,0.39585384726524353,0.8837881088256836,11
6292,I,-0.02969999983906746,0.06132499873638153,-0.0038499999791383743,-0.071079321205616,0.4275619387626648,0.8784804344177246,11
6293,I,0.03739999979734421,0.11783749610185623,0.022687500342726707,-0.03732161596417427,0.4436836540699005,0.8616551160812378,11
6294,I,-0.15015000104904175,-0.14643749594688416,-0.01979999989271164,-0.05740492418408394,0.4737550914287567,0.8735858201980591,11
6295,O,-0.07136250287294388,-0.04839999973773956,0.01952499896287918,-0.01101293507963419,0.47764018177986145,0.8741058111190796,11
6296,D,0.018149999901652336,0.12636250257492065,0.006737499963492155,0.07433731108903885,0.4382689595222473,0.8781746029853821,11
6297,X,-0.10436250269412994,-0.08139999955892563,0.014162499457597733,-0.009483360685408115,0.4347050189971924,0.914578378200531,11
6298,V,0.19071249663829803,-0.023924998939037323,-0.03162499889731407,0.07903310656547546,0.42369210720062256,0.8921548128128052,11
6299,X,-0.0989999994635582,0.009074999950826168,-0.023099999874830246,-0.004588723182678223,0.4028898775577545,0.8909311294555664,11
6300,B,0.03946249932050705,0.21793749928474426,0.015262499451637268,0.06679651141166687,0.37699419260025024,0.8906252980232239,11
6301,G,0.07246249914169312,-0.004674999974668026,0.05252499878406525,-0.12553216516971588,0.43022340536117554,0.852584719657898,11
6302,A,-0.028737500309944153,-0.2891624867916107,-0.047575000673532486,-0.04935936629772186,0.43634170293807983,0.898976743221283,11
6303,Z,0.02241249941289425,-0.06971249729394913,0.002474999986588955,0.0016366447089239955,0.3697440028190613,0.8891875147819519,11
6304,A,-0.08401250094175339,0.04853750020265579,-0.012374999932944775,-0.058842726051807404,0.39432427287101746,0.9053092002868652,11
6305,Q,0.10449999570846558,-0.002612499985843897,0.025987500324845314,0.01427092868834734,0.40686678886413574,0.8872602581977844,11
6306,E,0.005362499970942736,-0.006874999962747097,-0.0028874999843537807,0.028954841196537018,0.41706904768943787,0.857678234577179,11
6307,H,0.09913749992847443,-0.002612499985843897,0.04399999976158142,-0.08198518306016922,0.44154220819473267,0.8389257192611694,11
6308,W,0.013887500390410423,-0.2550624907016754,0.004674999974668026,0.0004129850713070482,0.42052584886550903,0.9482290148735046,11
6309,C,-0.09473749995231628,0.09858749806880951,0.03451250120997429,0.0946347638964653,0.4036087989807129,0.9289563894271851,11
6310,M,-0.010587500408291817,-0.05582499876618385,0.01209999993443489,-0.054651688784360886,0.39432427287101746,0.9094849228858948,11
6311,I,0.26317501068115234,0.3702875077724457,0.022687500342726707,-0.0598522424697876,0.4334813952445984,0.8728821873664856,11
6312,N,-0.2129874974489212,0.10518749803304672,0.03671250119805336,0.02702758088707924,0.8460534811019897,0.5576828122138977,11
6313,H,-0.08621250092983246,-0.23457500338554382,0.011137500405311584,-0.022438855841755867,0.8296411633491516,0.4815100133419037,11
6314,G,0.11192499846220016,-0.08442500233650208,0.020624998956918716,0.07872719317674637,0.8804230690002441,0.48854607343673706,11
6315,B,-0.05967500060796738,-0.12058749794960022,0.04729999974370003,0.0009177446481771767,0.8396292924880981,0.5281161665916443,11
6316,X,-0.028737500309944153,0.2213750034570694,0.01223750039935112,0.06944268196821213,0.8142383098602295,0.5691087245941162,11
6317,L,-0.009624999947845936,0.23622499406337738,-0.004812499973922968,-0.01713123358786106,0.8284174799919128,0.5483983159065247,11
6318,V,0.10339999943971634,0.3885749876499176,0.01966249942779541,0.07586688548326492,0.8553379774093628,0.5322918891906738,11
6319,X,-0.0031624999828636646,0.04124999791383743,-0.015537500381469727,0.095338374376297,0.8804230690002441,0.5214778184890747,11
6320,F,0.12361250072717667,-0.10779999941587448,0.010037500411272049,0.07188999652862549,0.843101441860199,0.5300434231758118,11
6321,A,-0.14272500574588776,-0.09075000137090683,-0.06668750196695328,-0.029260758310556412,0.8760330677032471,0.5613538026809692,11
6322,T,0.13103750348091125,-0.013062499463558197,-0.01979999989271164,0.11685948073863983,0.8779757022857666,0.46070778369903564,11
6323,M,-0.09473749995231628,-0.05348749831318855,0.0037124999798834324,0.008152631111443043,0.8630928993225098,0.5017004013061523,11
6324,Q,-0.12251249700784683,-0.020487500354647636,-0.03464999794960022,-0.002248474396765232,0.8826715350151062,0.5384101867675781,11
6325,W,0.005362499970942736,0.05087500065565109,0.006874999962747097,0.02213294245302677,0.8782816529273987,0.514441728591919,11
6326,C,0.07039999961853027,-0.027912499383091927,0.030249999836087227,0.09881050139665604,0.8667639493942261,0.4866034984588623,11
6327,H,-0.025575000792741776,-0.3059374988079071,0.006874999962747097,-0.020695142447948456,0.8467724323272705,0.5593194365501404,11
6328,L,0.018149999901652336,0.2032250016927719,0.0387750007212162,0.04700382053852081,0.8597278594970703,0.5027252435684204,11
6329,X,0.19607499241828918,0.03492499887943268,0.05156249925494194,0.0827040895819664,0.8858224153518677,0.45295286178588867,11
6330,X,-0.17256249487400055,0.08813749998807907,-0.02722499892115593,0.0414055772125721,0.8592077493667603,0.5151606202125549,11
6331,D,-0.02227500081062317,0.05939999967813492,0.03341250121593475,0.04119143635034561,0.8396292924880981,0.536880612373352,11
6332,V,0.09803749620914459,-0.5659499764442444,-0.05816249921917915,-0.00856561679393053,0.8509481549263,0.5647188425064087,11
6333,V,0.012787500396370888,0.11687500029802322,-0.05816249921917915,0.1298149824142456,0.8721632957458496,0.49711164832115173,11
6334,Z,0.03629999980330467,-0.12484999746084213,-0.012374999932944775,0.046499062329530716,0.8553379774093628,0.5190304517745972,11
6335,O,-0.002062499988824129,-0.08442500233650208,-0.016637500375509262,0.010202260687947273,0.8597278594970703,0.4917122721672058,11
6336,P,-0.007424999959766865,0.3513124883174896,-0.002749999985098839,0.0414055772125721,0.8597278594970703,0.4907945394515991,11
6337,R,0.010724999941885471,0.04661250114440918,-0.009074999950826168,0.07627987116575241,0.8770579695701599,0.5070998072624207,11
6338,K,-0.1746249943971634,-0.1396999955177307,0.06861250102519989,-0.03293173387646675,0.41390281915664673,0.9751495122909546,11
6339,T,0.005362499970942736,0.4493499994277954,-0.09556250274181366,0.14367292821407318,0.4969128370285034,0.8408529758453369,11
6340,F,0.0906125009059906,-0.05128749832510948,0.021724998950958252,0.10829386115074158,0.5189387202262878,0.8689053058624268,11
6341,H,-0.05101250112056732,-0.1886499971151352,0.03973750025033951,-0.11788430064916611,0.5198564529418945,0.7846716046333313,11
6342,M,0.20569999516010284,0.5803874731063843,0.0004124999977648258,-0.013460253365337849,0.5020062923431396,0.8394303917884827,11
6343,N,0.07136250287294388,0.2139499932527542,0.03657500073313713,0.046499062329530716,0.4576486647129059,0.8672686219215393,11
6344,O,-0.2012999951839447,-0.15895000100135803,-0.03904999792575836,-0.03976893424987793,0.4790627062320709,0.8373960852622986,11
6345,O,0.09377499669790268,0.4217124879360199,0.013199999928474426,-0.04201740771532059,0.4503067135810852,0.8837881088256836,11
6346,C,-0.025575000792741776,0.21188749372959137,-0.06778749823570251,0.14683914184570312,0.47834381461143494,0.8547261357307434,11
6347,C,-0.1671999990940094,0.23952500522136688,-0.017737500369548798,0.0888223871588707,0.46693316102027893,0.9019441604614258,11
6348,Q,0.08841250091791153,-0.2601499855518341,0.11013749986886978,-0.026614593341946602,0.5366817116737366,0.817909300327301,11
6349,Y,-0.05211250111460686,0.08607500046491623,0.025987500324845314,0.17620696127414703,0.5200552940368652,0.8767520189285278,11
6350,D,-0.20239999890327454,0.06270000338554382,0.013199999928474426,0.00010707020555855706,0.48834720253944397,0.906318724155426,11
6351,F,0.16197499632835388,0.0317624993622303,0.030249999836087227,-0.118694968521595,0.5347391963005066,0.8154619336128235,11
6352,M,-0.010587500408291817,0.3353624939918518,0.05472499877214432,-0.03395655006170273,0.5330107808113098,0.8652343153953552,11
6353,Z,0.10766249895095825,-0.40603750944137573,0.031212499365210533,0.05995931103825569,0.5149617791175842,0.8884838819503784,11
6354,E,-0.13529999554157257,-0.1578499972820282,-0.011274999938905239,0.0359908826649189,0.48935672640800476,0.860431432723999,11
6355,M,-0.17352500557899475,-0.07150000333786011,-0.00494999997317791,-0.045168329030275345,0.513218104839325,0.9319238066673279,11
6356,Q,-0.030799999833106995,-0.12155000120401382,-0.06146249920129776,-0.018048977479338646,0.667812168598175,0.7131946682929993,11
6357,T,-0.12773749232292175,0.22673749923706055,-0.047575000673532486,0.08025676757097244,0.6826949119567871,0.6792380809783936,11
6358,B,-0.14272500574588776,-0.12058749794960022,-0.040150001645088196,-0.03854527324438095,0.67412930727005,0.7517399191856384,11
6359,J,0.05224999785423279,0.2628999948501587,0.023787500336766243,-0.04730973392724991,0.6492584347724915,0.7573381662368774,11
6360,U,0.20666250586509705,0.32903748750686646,0.04399999976158142,-0.025390934199094772,0.6824960708618164,0.7233815789222717,11
6361,T,-0.01484999991953373,0.1798499971628189,0.0004124999977648258,0.17100641131401062,0.7044149041175842,0.6948397159576416,11
6362,U,-0.012787500396370888,-0.010862499475479126,0.018424998968839645,-0.036403872072696686,0.6888132691383362,0.6907557845115662,11
6363,W,-0.1106875017285347,0.23319999873638153,-0.04647500067949295,0.01427092868834734,0.6690358519554138,0.7713184356689453,11
6364,U,0.028875000774860382,-0.06091250106692314,-0.047575000673532486,-0.035684969276189804,0.6404786705970764,0.7830349802970886,11
6365,A,-0.07452499866485596,-0.13653749227523804,0.014162499457597733,-0.0593474842607975,0.6219249367713928,0.708804726600647,11
6366,U,-0.1905750036239624,0.1340624988079071,-0.05926249921321869,-0.045688387006521225,0.6711772084236145,0.6673073768615723,11
6367,D,-0.025437500327825546,0.09790000319480896,-0.0038499999791383743,0.02141404151916504,0.6893332600593567,0.7600914239883423,11
6368,H,-0.01691249944269657,0.3768875002861023,-0.03258749842643738,0.1307327151298523,0.7129805088043213,0.7492925524711609,11
6369,N,-0.17256249487400055,-0.0672374963760376,-0.05816249921917915,-0.020496295765042305,0.6856623291969299,0.6897309422492981,11
6370,V,0.0681999996304512,0.30346250534057617,-0.052937500178813934,0.12175411731004715,0.675352931022644,0.7217602133750916,11
6371,H,-0.21615000069141388,-0.233474999666214,-0.007012499962002039,-0.065159872174263,0.6578240394592285,0.7193129658699036,11
6372,V,-0.026537500321865082,0.04455000162124634,0.0015124999918043613,0.130319744348526,0.665563702583313,0.7300199866294861,11
6373,C,-0.018012499436736107,0.0765874981880188,0.028049999848008156,0.03843820467591286,0.6539389491081238,0.7578582167625427,11
6374,Z,0.03203750029206276,0.0775500014424324,-0.05926249921321869,-0.00856561679393053,0.654657781124115,0.8027206063270569,11
6375,X,-0.14368750154972076,-0.0364375002682209,-0.026262499392032623,0.026721663773059845,0.6802476048469543,0.7447038888931274,11
6376,S,0.02241249941289425,-0.023649999871850014,-0.00494999997317791,-0.028037099167704582,0.6643400192260742,0.7580570578575134,11
6377,D,-0.021312499418854713,0.1798499971628189,0.018424998968839645,0.09585842490196228,0.6607761383056641,0.7361382842063904,11
6378,Y,-0.10642500221729279,-0.082225002348423,-0.035887498408555984,-0.05251028761267662,0.660470187664032,0.770293653011322,11
6379,N,-0.026537500321865082,-0.048124998807907104,0.03657500073313713,-0.057619065046310425,0.6519045829772949,0.7317483425140381,11
6380,P,-0.06283749639987946,-0.07259999960660934,-0.04441250115633011,0.041910335421562195,0.660470187664032,0.7351134419441223,11
6381,Q,-0.03189999982714653,-0.06201250106096268,-0.025162499397993088,-0.07322072982788086,0.6387502551078796,0.7641753554344177,11
6382,L,0.04372499883174896,0.10422500222921371,0.007837500423192978,0.045780159533023834,0.6748482584953308,0.8061927556991577,11
6383,W,-0.019112499430775642,0.07548750191926956,-0.054999999701976776,0.012343665584921837,0.6924842000007629,0.7473500370979309,11
6384,T,0.007562499959021807,-0.006599999964237213,0.007837500423192978,0.07341957092285156,0.6870847940444946,0.7151219248771667,11
6385,F,-0.09047500044107437,0.03712499886751175,0.028049999848008156,0.06627645343542099,0.6885073184967041,0.7492925524711609,11
6386,B,-0.18645000457763672,-0.15895000100135803,-0.020899999886751175,-0.05587535351514816,0.6895321011543274,0.701263964176178,11
6387,U,-0.14162500202655792,0.23086249828338623,0.01746249943971634,0.13715693354606628,0.6781062483787537,0.7612232565879822,11
6388,I,-0.10326249897480011,-0.1568875014781952,-0.002749999985098839,-0.007341957185417414,0.6939219832420349,0.705638587474823,11
6389,H,0.006462499964982271,-0.05664999783039093,0.014299999922513962,-0.06791310012340546,0.6704583168029785,0.7427613139152527,11
6416,R,-0.021312499418854713,0.09982500225305557,0.03671250119805336,0.0831017792224884,0.6982966065406799,0.7447038888931274,11
6417,J,-0.07672499865293503,-0.01732499897480011,-0.0016499999910593033,-0.0476156510412693,0.6756588816642761,0.7151219248771667,11
6418,U,-0.11178749799728394,-0.1163249984383583,0.018562499433755875,-0.040273696184158325,0.684943437576294,0.6699535846710205,11
6419,T,-0.1597750037908554,0.1467124968767166,0.008937500417232513,0.1070702075958252,0.6788251399993896,0.667001485824585,11
6420,M,-0.045787498354911804,-0.07713750004768372,0.004674999974668026,-0.03537905588746071,0.6746493577957153,0.7529636025428772,11
6421,C,-0.018012499436736107,0.08373750001192093,-0.007149999961256981,0.07750353217124939,0.6788251399993896,0.7715173363685608,11
6422,O,-0.010587500408291817,0.0016499999910593033,-0.008112499490380287,-0.008259701542556286,0.7054396867752075,0.7749894261360168,11
6423,S,-0.06710000336170197,0.06875000149011612,-0.04331250116229057,0.05434577912092209,0.715427815914154,0.7280774116516113,11
6424,V,0.09267500042915344,0.2924624979496002,-0.00494999997317791,0.07433731108903885,0.6502679586410522,0.7925183773040771,11
6425,W,-0.12677499651908875,-0.08566249907016754,0.0013749999925494194,-0.05006296932697296,0.7007439136505127,0.6995202898979187,11
6426,D,0.027775000780820847,-0.07713750004768372,0.025987500324845314,0.008672686293721199,0.6888132691383362,0.7395033240318298,11
6427,M,0.007424999959766865,-0.14643749594688416,0.01209999993443489,-0.05740492418408394,0.6814712882041931,0.753973126411438,11
6428,A,-0.0648999959230423,-0.18576249480247498,0.010999999940395355,-0.10053892433643341,0.6487383842468262,0.7795782089233398,11
6429,C,-0.07768750190734863,0.08153750002384186,0.028049999848008156,0.11216369271278381,0.6567992568016052,0.7275726199150085,11
6430,F,0.027775000780820847,0.16472500562667847,0.03341250121593475,0.047523874789476395,0.6585276126861572,0.7424553632736206,11
6431,K,-0.06283749639987946,0.03684999793767929,0.0004124999977648258,-0.041298508644104004,0.6888132691383362,0.7534683346748352,11
6432,G,-0.030799999833106995,0.12209999561309814,0.0004124999977648258,0.107574962079525,0.6709784269332886,0.7131946682929993,11
6433,H,-0.023375000804662704,-0.06971249729394913,0.040837500244379044,-0.049757055938243866,0.6643400192260742,0.7153360247612,11
6434,O,-0.11082500219345093,-0.08249999582767487,-0.020899999886751175,-0.004175737965852022,0.7024876475334167,0.7182881236076355,11
6435,R,0.006462499964982271,-0.04839999973773956,0.007837500423192978,0.0704674944281578,0.6885073184967041,0.7573381662368774,11
6436,G,0.05224999785423279,0.018699999898672104,0.01746249943971634,-0.057619065046310425,0.6821901798248291,0.796709418296814,11
6437,M,-0.20019999146461487,0.002749999985098839,-0.012374999932944775,0.0416044220328331,0.6651660203933716,0.6794369220733643,11
6438,O,0.045787498354911804,0.09116250276565552,-0.011412499472498894,-0.0646551102399826,0.6885073184967041,0.7632575631141663,11
6439,S,-0.027637500315904617,-0.002612499985843897,0.0004124999977648258,0.038040511310100555,0.695451557636261,0.7319472432136536,11
6440,O,0.013887500390410423,0.10615000128746033,0.01209999993443489,0.01651940308511257,0.6819913387298584,0.7242075800895691,11
6441,R,-0.10752499848604202,0.018699999898672104,0.03451250120997429,0.07270067185163498,0.6995202898979187,0.7177833318710327,11
6494,R,0.0906125009059906,0.002749999985098839,-0.014574999921023846,0.1009519100189209,0.7422565817832947,0.71339350938797,11
6495,V,0.1597750037908554,-0.148499995470047,0.10051249712705612,-0.03395655006170273,0.7198176980018616,0.7590818405151367,11
6496,L,0.07452499866485596,0.1391499936580658,0.0035749999806284904,0.013567324727773666,0.6946256160736084,0.7543860673904419,11
6497,E,-0.113987497985363,0.05169999971985817,-0.04963750019669533,0.06382913887500763,0.7315495610237122,0.7580570578575134,11
6498,Z,0.0042624999769032,-0.1251250058412552,0.030249999836087227,0.010401105508208275,0.6861670613288879,0.7356181740760803,11
6499,J,-0.17902499437332153,-0.17943750321865082,-0.014574999921023846,-0.003869823180139065,0.700545072555542,0.7561144828796387,11
6500,W,0.09693749994039536,-0.007837500423192978,-0.03162499889731407,-0.005613537970930338,0.7180892825126648,0.7128887176513672,11
6501,H,-0.05004999786615372,-0.03863750025629997,-0.030524998903274536,-0.04466357082128525,0.7136994004249573,0.7285821437835693,11
6502,W,-0.0798875018954277,0.02419999986886978,-0.03904999792575836,0.00010707020555855706,0.7051337957382202,0.7483748197555542,11
6503,V,-0.026537500321865082,-0.28366249799728394,0.025849999859929085,-0.005613537970930338,0.6958492398262024,0.7492925524711609,11
6504,R,-0.12361250072717667,-0.013199999928474426,0.037675000727176666,0.14561548829078674,0.7315495610237122,0.761728048324585,11
6505,B,0.11082500219345093,0.12636250257492065,0.028049999848008156,-0.04079374670982361,0.6783203482627869,0.7051337957382202,11
6506,Y,0.09487500041723251,0.07095000147819519,-0.018837500363588333,0.17375965416431427,0.7166514992713928,0.6675062775611877,11
6507,J,-0.027637500315904617,0.03698749840259552,0.021587500348687172,0.02263770066201687,0.7408187389373779,0.8032253980636597,11
6508,N,-0.08304999768733978,0.017737500369548798,-0.03904999792575836,-0.042721010744571686,0.6707642674446106,0.7478548288345337,11
6509,R,0.030937500298023224,-0.11110000312328339,-0.011412499472498894,0.13980309665203094,0.6982966065406799,0.7051337957382202,11
6510,N,-0.07768750190734863,-0.1451999992132187,0.014162499457597733,0.02580391801893711,0.6714831590652466,0.7774367332458496,11
6511,I,-0.030799999833106995,-0.07919999957084656,0.0056374999694526196,0.04405174031853676,0.6856623291969299,0.7205365896224976,11
6512,X,0.038362499326467514,0.06146249920129776,0.002474999986588955,0.06220778822898865,0.6702594757080078,0.7751882672309875,11
6513,H,-0.05857500061392784,-0.201712504029274,0.028049999848008156,-0.027333494275808334,0.6853563785552979,0.7336909174919128,11
6514,S,0.02461249940097332,-0.14739999175071716,0.006737499963492155,0.047722719609737396,0.6988166570663452,0.7195117473602295,11
6515,W,0.03203750029206276,-0.09624999761581421,0.011962499469518661,-0.007846716791391373,0.6839185953140259,0.7334767580032349,11
6516,A,-0.010587500408291817,-0.19634999334812164,0.021587500348687172,-0.05128662660717964,0.6856623291969299,0.7300199866294861,11
6517,B,-0.05953750014305115,-0.18150000274181366,0.016224998980760574,-0.006317141931504011,0.6765766143798828,0.7046290040016174,11
6518,U,-0.10326249897480011,-0.195250004529953,-0.02419999986886978,-0.00856561679393053,0.6932030916213989,0.7165597081184387,11
6519,S,0.08318749815225601,-0.15482500195503235,-0.010312499478459358,-0.01632055826485157,0.6751541495323181,0.7510210275650024,11
