gyroX_mean,gyroY_mean,gyroZ_mean,accelX_mean,accelY_mean,accelZ_mean,gyroX_std,gyroY_std,gyroZ_std,accelX_std,accelY_std,accelZ_std,target_column
0.06063749889532727,-0.03135000169277193,-0.007974999956786665,-0.13884966075420374,0.5443602204322815,0.8302173018455505,0.11072387408900726,0.09699053787106915,0.043821101334765,0.04648797984569098,0.002703632876012995,0.03921345878348828,A
0.019524999118099632,-0.028049999227126404,0.00013749984403449897,-0.11254098514715827,0.6184222102165222,0.7954500516255697,0.06994155898054191,0.011452188912257834,0.0230340204894723,0.053032766821694284,0.05868053494845866,0.022242138622553937,A
-0.021587499727805437,-0.08919166540727018,0.007379166626681868,-0.11254098266363144,0.4979580342769623,0.8660807013511658,0.06560018217767409,0.0923787481848845,0.028842680632731373,0.041900224739203296,0.007757146888072877,0.02290860765891786,A
-0.07654166656235849,-0.046979165325562094,-0.044870833555857303,-0.10482683281103762,0.5960241357485453,0.8065292437871298,0.043372550678803364,0.04631960985921478,0.017514573515464718,0.024177163108767847,0.037190211438988,0.0505680110314685,A
0.0015124989052613333,0.0223208318154017,-0.022870833675066635,-0.05652796725432077,0.548199454943339,0.8157730102539062,0.14890068791710015,0.10405255794680172,0.05104498120468424,0.014932250590318599,0.06319866249776808,0.03356978220547332,A
-0.007287498563528065,0.011595835288365669,0.014758332942922897,-0.025457215805848404,0.5133557518323263,0.8547618389129639,0.07832770302457107,0.09228558463366772,0.03401904829521713,0.0061826861086041246,0.11412329879315297,0.06413062972572801,A
-0.0596291664987802,-0.0008250003059705006,0.008891665687163637,-0.018660807205984967,0.39924949407577515,0.9010875622431437,0.10161252993718925,0.037446227451318995,0.05809148420305566,0.022238290522624715,0.010909022166799398,0.005181007801429904,A
-0.08515833566586169,-0.11045832931995393,-0.042212500857810094,-0.04582095022002853,0.5688996811707815,0.7885465820630392,0.0570023907550249,0.16971044147869135,0.027550485885075793,0.015105081764600358,0.26681370644990454,0.19678019274214129,A
-0.05000416499873,-0.1728833268086115,0.015583333248893364,-0.0703910117348035,0.6521085500717163,0.7394676407178243,0.03447339923798216,0.031918467182949765,0.005434875133870186,0.02641811560661753,0.03200206730145995,0.03632031216619428,A
-0.029837499062220236,0.11527083317438758,0.0136583326384425,-0.024131585533420232,0.5755941271781921,0.8151611685752869,0.16365688339927567,0.11082980718915582,0.0596783761976941,0.08109714090630786,0.004886613908997473,0.020403971901896086,B
0.102437500997136,0.13103749727209404,0.0123291667550802,0.013730479714771135,0.6249484022458395,0.7901067535082499,0.12514532241251405,0.0697894748979802,0.0319705491994191,0.06603218098892676,0.04202952676767234,0.045436440522082844,B
0.021358336011568724,0.12462083498636879,0.07044583434859907,-0.0375561515490214,0.5844707687695821,0.7777732610702515,0.21458312006210284,0.3776661728776923,0.060486927640978946,0.10555346420857731,0.11027623781844262,0.05980270399089526,B
0.14758333315451935,0.07347082905471326,0.0642583345373471,-0.07967043171326316,0.6280789375305176,0.7561144828796387,0.07772099493561319,0.1720283372576156,0.031155308406502404,0.00923686090296256,0.014256970011417453,0.03738172831620409,B
0.18104166413346925,0.18030833670248583,0.04083749651908874,-0.033411004890998165,0.608734925587972,0.8039799729983012,0.2290458301639096,0.17798972332375243,0.16843816930028713,0.07766923255755004,0.02575208752575252,0.025596968192692048,B
0.0019250003000100685,0.06641250165800246,0.013016666596134499,0.04272610694169993,0.5625723401705424,0.8305231928825378,0.04276957421760438,0.061139744177298325,0.04552232878023516,0.1044249729757282,0.030298439015944246,0.030384112266774344,B
0.06943749884764354,0.036620835463205964,-0.0054083333040277,-0.0211081306139628,0.4489147861798604,0.8699199358622233,0.07347609261526471,0.11312468338524724,0.02195971513923332,0.1560573745811708,0.007572295969582237,0.02996216401865986,B
-0.054312502344449336,-0.007745832204818735,0.0074708325167497,0.009722994271820997,0.6302509307861328,0.7234937946001688,0.09121205535069951,0.19544749828066607,0.04424260662464322,0.053220035835494256,0.23441798748007384,0.18289778636821433,B
-0.04505416750907896,-0.07136250038941701,0.007791666314005834,-0.0343287473854919,0.681476354598999,0.7036755879720052,0.14916578899274208,0.17160567660354106,0.025541465177419734,0.025403764406875137,0.007030749703008959,0.0021037230506380147,B
-0.0330458334647119,0.0066000049312909355,-0.013291667060305669,-0.009141756532092865,0.5780465602874756,0.8437132040659586,0.026527643242734697,0.20147588123103766,0.03221209637636872,0.019015417473717017,0.026714088596136276,0.030873564152734716,C
0.010541666454325133,0.12640833094095186,0.03506250043089187,0.03555240606268243,0.6602305769920349,0.7702273527781168,0.03401849209261542,0.11341210613315175,0.031607957626634355,0.01615158328410824,0.009873832348471182,0.010723871919187044,C
0.25836249689261115,0.10647083135942614,0.031762499983111966,-0.05186786611254013,0.5721576809883118,0.7907950480779012,0.2458964841678752,0.08992923747610991,0.026258181171933976,0.10115694253541169,0.07319766778344017,0.0682877921114104,C
0.04473333433270454,0.024749999089787405,-0.014208333256344,0.030657768249511667,0.6277016599973043,0.7927630941073099,0.0847968584549753,0.08058027794885785,0.017793017026416936,0.013732105076716487,0.033492655846562,0.011429596781870952,C
-0.033320831755797066,0.11087083319822943,0.0203958333780368,0.045102048665285076,0.5582589507102966,0.8271581133206686,0.06670469523362002,0.060051043321234746,0.02493316523032747,0.0028310085406914906,0.012415723046858411,0.022056586095033793,C
-0.01663750037550923,0.09418749747176963,-0.001008332396547032,0.11342813571294146,0.582905520995458,0.7567620078722636,0.08293073993646052,0.11996053175170236,0.05787171132877158,0.02901001023819539,0.24865244050701574,0.2368897376361261,C
-0.06774166598916054,0.13328333447376883,0.0010541665057341666,0.06825470800201093,0.5998990833759308,0.8104399045308431,0.08613344308685393,0.09207741353856118,0.023970921021245022,0.026434769197103202,0.11582220428391987,0.07953876116183894,C
-0.0776875019073486,0.0815375000238418,0.0280499998480081,0.1121636927127838,0.6567992568016052,0.7275726199150085,,,,,,,C
-0.04441250006978709,0.03419166306654614,0.032724999512235266,-0.026201609677324697,0.6409579316775004,0.7616617679595947,0.07285670774853553,0.15130050934787556,0.0068791237352743475,0.029569485793342388,0.036690348415364296,0.04089567522678604,D
-0.12801249697804448,0.048858329653739936,-0.004033333311478268,0.0079588846613963,0.6228732864061991,0.7790938019752502,0.11146433397875506,0.20387542012734267,0.034796013518245815,0.05295892189491778,0.024258893935588586,0.005500433063754926,D
-0.0434041662762562,0.11953333268562949,-0.005591666015485899,0.05394298893709973,0.6027899583180746,0.7912284334500631,0.04088222774686516,0.05320989578755145,0.028775741883482434,0.04047142978135436,0.010149863972535112,0.02913422357871559,D
-0.055595835049947064,0.04088333155959843,-0.006187499811251967,0.026002764391402335,0.5693381826082865,0.8296054402987162,0.019903967135063882,0.029135834082602684,0.028606609138839004,0.014944411748771681,0.012769365151244237,0.04893566591928339,D
-0.05092083414395646,0.0285083344206214,0.00022916651020446661,0.03402283166845637,0.45622103412946063,0.8902785778045654,0.05366752665757831,0.08992514084248304,0.011121644856575397,0.05748627093203919,0.044403718415522216,0.017815687225210763,D
-0.06884166660408177,0.08282083521286643,0.01778333370263373,0.038545272548314295,0.5887484848499298,0.7737913131713867,0.11741769996705376,0.03774427246110405,0.013915607579924988,0.037185801087986026,0.2187072068698402,0.2056526999666439,D
-0.006324999655286468,0.06687083343664803,0.013520833104848867,0.041981717571616096,0.6796408891677856,0.7452443440755209,0.029603402345535205,0.13127357107407453,0.01551151953271195,0.047091509084070164,0.016339422157987216,0.01296756375384282,D
0.10417916749914484,0.055733333031336436,0.04487083293497557,-0.0036046970635652334,0.6579515139261881,0.7503377795219421,0.12171121842409151,0.23247181433778877,0.02234336197099233,0.01573057963968599,0.01239482773497407,0.01915316644632656,E
0.07072083279490471,0.045374996960163096,-0.0037583331577479995,0.015739319380372766,0.6176064213116964,0.7864357630411783,0.09055315309917339,0.13302277376707722,0.019755229684176923,0.01844252460915698,0.06639873836278196,0.03701760280358601,E
0.0378125011920929,0.021587499883025867,0.0272249995420376,0.008427954744547566,0.5639693737030029,0.8217179179191589,0.07674582027786357,0.10448805750185677,0.019190488025761412,0.0013519223890091018,0.01915466459439868,0.027637089057713535,E
0.018333334475755702,0.0301124999920527,-0.0024291671191652674,-0.08151102066040038,0.5895999272664388,0.7757644255956014,0.12622053481998885,0.0840020366094002,0.02149769021603202,0.0578366941411336,0.010821179959801861,0.01309438632386645,E
0.018149999280770598,0.035474999807775,-0.003758332847307099,-0.004109457251615801,0.572606364885966,0.8270867268244425,0.08007919878135712,0.0835507975993474,0.03611209961296528,0.029016781363781503,0.05433972353919831,0.0369397630254533,E
0.05518333179255327,0.022458332280317933,0.0232833330519497,0.05431518672655023,0.5044230322043101,0.8486078381538391,0.09776020800902858,0.1248242794435521,0.0234494274713821,0.053229415299413954,0.08776254289705378,0.0579390886494303,E
-0.058941664639860364,-0.018149998970329734,-0.010633333430935867,0.032595228403806666,0.4324616591135661,0.8794338504473368,0.07110176934984638,0.13441762454598666,0.00744576589684769,0.0035243993172452237,0.05097271334822177,0.035324325921598294,E
-0.113987497985363,0.0516999997198581,-0.0496375001966953,0.0638291388750076,0.7315495610237122,0.7580570578575134,,,,,,,E
-0.06856666629513103,0.1153625001509984,0.0377666656859219,0.004349090779821033,0.6285836895306905,0.7836162646611532,0.03308878016498127,0.09028505874880058,0.0500247459437705,0.03402976816124188,0.06588084668005907,0.014866740936242481,F
0.05431249613563221,-0.0670083307971557,0.007287500115732333,0.010467387114961901,0.622399091720581,0.7607083121935526,0.1195994711006915,0.0935461220245493,0.023483534401364605,0.006732843752818458,0.08713306231760315,0.04349776394819611,F
0.03785833266253273,0.0662749980886777,-0.0023375001425544662,0.07991005976994826,0.5900078415870667,0.7995238105456034,0.12749344810510818,0.16301429206109358,0.019997151353837762,0.028954547103905038,0.045686150454356284,0.01600656576983968,F
0.051058332125345836,-0.07530417076001568,0.017737500990430498,0.05850112065672874,0.6233525474866232,0.7698143919308981,0.15944868436194715,0.28821805606218237,0.05276256968620437,0.030703082506291522,0.023793294815646474,0.047042472036181816,F
0.04656666455169516,-0.08699166278044383,-0.0349708342303832,0.04245078749954697,0.6035343607266744,0.7917433977127075,0.10765067188234366,0.16010942347093385,0.032515868311326024,0.031616847511043454,0.024665133789289917,0.036580505979527785,F
0.039691666762034096,0.008662499487400064,0.010312500099341034,0.007918094595273303,0.6230466465155283,0.7329363624254862,0.08126940235548404,0.17628492089342745,0.03148840093513259,0.10312464640398276,0.2052324967774495,0.17866923450462496,F
0.05403749893109002,0.005866666634877535,0.02667499954501783,0.0186251153548558,0.5807284116744995,0.8112199306488037,0.13013857342970625,0.04956952722632206,0.004425706655188531,0.12076410772516595,0.09367301280456973,0.059919100755268434,F
0.0277750007808208,0.1647250056266784,0.0334125012159347,0.0475238747894763,0.6585276126861572,0.7424553632736206,,,,,,,F
-0.04931666577855743,0.020029164850711878,0.024704166067143266,-0.06274313728014629,0.6181825598080953,0.7771920363108317,0.06583081992492826,0.2205337658070388,0.05789947314446153,0.13718453828140226,0.007954033071045821,0.02906481795385198,G
-0.04239583263794574,-0.1607833355665207,-0.017554168899854034,-0.04527540380756063,0.6030601660410563,0.7868130803108215,0.023333037111719586,0.30385666221800156,0.11757531297524522,0.0915861921487563,0.08195399517147417,0.058863728556884674,G
0.07328749789545927,0.24383333387474218,0.06806249792377149,-0.1280049805839856,0.6505738695462545,0.7428581913312277,0.11039708401030474,0.27560284085910497,0.022444110485073776,0.013067578439828254,0.006110631192827073,0.017757140184927293,G
0.11183333521087961,0.07979583243529,0.008295833133161066,-0.0393304551641146,0.5853834052880605,0.7896733482678732,0.06610166373194547,0.12965486456455624,0.018882276624843757,0.10090471413316816,0.07918995616128587,0.05453273583559056,G
0.11297916248440742,0.1629833330710729,0.03781250103687247,-0.0053382168213525994,0.5598242084185282,0.8031590978304545,0.1375255866088727,0.20491017179628856,0.06041885362463757,0.0771916966618278,0.03634367076536837,0.0023255754579729446,G
-0.009395834058523166,-0.0499583339939515,0.015124999762823133,-0.004078865672151234,0.4606109360853831,0.9022092223167419,0.06975754961789084,0.17748695492373634,0.010757562435489065,0.11896181381940932,0.07249945752047636,0.03729750872064625,G
-0.047895835091670336,-0.0721874954178929,0.022733333210150402,-0.04170639316240943,0.41618189215660095,0.9058139324188232,0.12663334684669378,0.20862890902666753,0.03861996151363984,0.10989050690328338,0.03891836164340915,0.05950497409900955,G
0.04445833216110864,0.018791664391756068,0.012833332798133265,0.042894363403320306,0.7445305585861206,0.6661500533421835,0.07168081211386979,0.1032625294882178,0.01087235790388213,0.08823412274563228,0.11781980580833915,0.15937709567481953,G
0.011045832807819067,0.07232499867677687,0.027179166053732204,-0.009381389866272634,0.5864388346672058,0.7940530180931091,0.061094009844880094,0.18942874618071837,0.021986818103396755,0.13272521518693436,0.008372921869312218,0.035390612014253066,H
0.0071958336047828,-0.0737000008424123,-0.0207166665544113,-0.0966028161346912,0.6842652956644694,0.7227391997973124,0.013067806406442407,0.15526685048785427,0.06820073887375253,0.033735296827474476,0.0035138857430195513,0.025295714193503377,H
0.06636666506528853,0.11022916932900749,-0.0010083328622083009,-0.0815416077772776,0.6634273727734884,0.7265835007031759,0.12924482829082373,0.22957235834202644,0.06410661311703601,0.015858695335810923,0.00974930320373618,0.02146837860181949,H
-0.008341666311025599,-0.09987082829078037,-0.02401666653652983,-0.08018538914620874,0.6108405987421671,0.757445216178894,0.046619665843751414,0.14186563918571796,0.04227098254387753,0.06218021070412423,0.010765600744703136,0.020503177226843382,H
0.10546250020464261,0.1298458321640889,9.166666616993296e-05,-0.025829412043094597,0.6543213129043579,0.7298771937688192,0.12012212944495489,0.13776377073011678,0.030788129986419176,0.1057492181360564,0.016604014983709194,0.06836001837717105,H
-0.005866664151350666,0.11820416649182637,0.013704167058070467,-0.10289446637034412,0.5343618790308634,0.8345001141230265,0.14586036365376992,0.3321055470671619,0.024975970687700074,0.047217045705662875,0.02402110165848135,0.022005752313261677,H
-0.07521249850591016,-0.1765041649341583,-0.013658333569765034,-0.02661459489415083,0.5576828221480051,0.8321598172187805,0.06782681384184873,0.02354276815837814,0.003813818572347304,0.02585799278062489,0.0610926876844792,0.030405501444211877,H
0.0251625000188748,0.26271667626375955,0.012054166446129467,0.04704460998376209,0.4581941862901051,0.8765175143877665,0.06751628048030525,0.31959658224139714,0.03626308832710894,0.11191593132668734,0.01821045919624909,0.033001418896770815,H
-0.05426666761438046,-0.24305416643619537,0.019250000206132666,-0.05367276631295676,0.7320900162061056,0.6085003515084585,0.030449446717403766,0.05910170613326357,0.017870239815171673,0.05561565418528831,0.18399914164492195,0.1574509746101644,H
-0.07553333338970937,0.0289208342631658,-0.008433332821975134,-0.0007800857226053689,0.6804209550221761,0.7371222774187723,0.12233716929701258,0.3140499495556369,0.02347601861193056,0.11390174562788152,0.0288963604606013,0.01576524508696422,H
-0.0439999997615814,-0.10335416719317432,0.012787500396370867,-0.0405847070117791,0.6877985994021097,0.7258696953455607,0.01836332906752101,0.086586290364556,0.03805074885311893,0.011755078770031093,0.024770152605153944,0.009473307457569177,H
-0.003895834398766331,-0.057979166507720926,0.012970833107829033,-0.0969393228491147,0.598231832186381,0.800512949625651,0.07415220096090382,0.17789951245020916,0.0038138185723473037,0.014225410774000118,0.015103852334999815,0.03785053680600544,I
0.034420831749836595,-0.04317499945561087,-0.014712499454617467,-0.05400927240649856,0.622470478216807,0.7563235561052958,0.07993816661228122,0.20962509667390047,0.00329999998211865,0.0036933126104625176,0.06734730644483712,0.07847722242548613,I
0.08080416917800903,0.03574999670187634,0.007333333604037768,-0.0799814475079377,0.6270234982172648,0.7708748976389567,0.08796307768308013,0.33526692548927395,0.020568241772445525,0.057060656131448964,0.011418696263930116,0.04462334715299001,I
0.20510416726271305,0.19062083369741836,-0.016316667199134837,-0.06193246568242703,0.6362366477648417,0.744117538134257,0.07993592554721897,0.1591529304411236,0.04727367799369939,0.0041850858243693565,0.03230869312617402,0.053897032642510924,I
-0.003574999670187667,-0.12122917175292967,-0.005958333921929168,-0.06709732798238598,0.589941551287969,0.7204652229944865,0.17539029255165245,0.3303768921936756,0.049977103945330385,0.07887272428489606,0.1364948888458821,0.04571393768379444,I
0.026720834275086702,0.010449999322493908,-0.018929166098435698,-0.029943968479831936,0.515573630730311,0.82039741675059,0.05331478852642805,0.27146389047945624,0.059200788564850323,0.006263889099334474,0.07890706423350932,0.058002979984078745,I
-0.04748333369692163,0.010908332963784536,-0.00032083317637440073,-0.05526862045129136,0.4483335614204407,0.8712404568990072,0.0950312365840557,0.13916428419788518,0.021462483146304168,0.016979944376265613,0.02344500089751916,0.008654385075465192,I
0.04303750395774842,0.04473333557446799,0.008525000109026832,-0.007714153112222765,0.6043552358945211,0.7663524548212687,0.19405693712223349,0.2846014340525781,0.012962247047640372,0.05195299132076079,0.14803870282827253,0.09255768770942048,I
-0.0071958337600032994,-0.18864999463160828,-0.0573374989132086,-0.07658578703800836,0.5949738224347433,0.821213165918986,0.07795199109235523,0.07881388832115756,0.025927774455915653,0.012859342894819784,0.013596735937655017,0.026012325845945816,J
-0.05004999910791714,-0.15766666705409685,0.015766666426012866,-0.07569863523046172,0.634839673837026,0.7543554902076721,0.06807291664833073,0.1261366224115445,0.02069561484729152,0.02191140342255587,0.03398099601566491,0.05449465302311253,J
-0.03730833219985166,-0.124529168009758,-0.013658332948883365,-0.04768703070779636,0.5705669323603312,0.8121733864148458,0.05731793154059102,0.13085322340739225,0.0383756390159472,0.021409155185032017,0.0777532728008612,0.05367441813472988,J
-0.0037124979620179,0.07512083339194457,0.0037125001351038336,-0.07956845934192336,0.631036102771759,0.7600607872009277,0.10173578350700876,0.2588535424705302,0.022576394233206704,0.03303662390379721,0.023333213265621076,0.04214250938036566,J
0.025208329161008236,-0.10725000066061813,0.007562499493360532,-0.06566972533861791,0.6137009263038635,0.7842331727345785,0.21986491641630143,0.11580561527822623,0.07700650435546716,0.002184790189753031,0.036151271077506146,0.03204023626907432,J
-0.09748749869565164,-0.227012500166893,-0.020716666554411203,-0.07892603799700733,0.5084611177444458,0.8598910172780355,0.07312466477063521,0.09987300196919753,0.008681394977812482,0.04677784878000418,0.07846969881663347,0.04798315259291935,J
-0.16756666700045267,-0.1481333350141843,0.012420833110809333,-0.03249835579966507,0.43000925580660504,0.9090413649876913,0.0809361669657316,0.040510110323303664,0.015473688916270018,0.059039461545052706,0.05207296383869785,0.043601107565299724,J
-0.06783333172400793,0.022045830885569263,0.002520833474894367,-0.03293173604955273,0.6751541296641032,0.7428581913312277,0.11589360126014311,0.22378150556371748,0.01951838224233181,0.025168819619565182,0.025647044365944307,0.024028102460404415,J
-0.0276375003159046,0.0369874984025955,0.0215875003486871,0.0226377006620168,0.7408187389373779,0.8032253980636597,,,,,,,J
0.009945834676424669,-0.07525833199421562,-0.0069208334510524995,-0.0692336373031139,0.6092855532964071,0.7769931753476461,0.08737173917399217,0.13887039151170472,0.02042526872022388,0.031706620791677666,0.041699160120867135,0.0515198491294167,K
-0.08845833440621687,-0.23462083439032233,-0.008341666931907299,-0.035006857166687604,0.5910632411638895,0.8053056200345358,0.028615972737217926,0.0771991621546846,0.018212565606476307,0.002022068665550833,0.05864185657698149,0.04288053579406729,K
0.058895830065012,0.04716249741613863,0.0248416662216186,-0.04003915749490256,0.6469080050786337,0.7425267895062765,0.15743877953956736,0.13443752219551555,0.025686137905947322,0.01852784485520388,0.03209506716744686,0.023193273753849136,K
-0.013474999616543401,-0.0019249940911928627,-0.021129165465633065,-0.09497127433617907,0.6767500042915344,0.6881707906723022,0.1227285930470458,0.22367252690460815,0.06005686511877151,0.005722569412188919,0.005324694512739169,0.02869540752373818,K
-0.04784999974071977,-0.06989583869775133,-0.027866666205227365,-0.03969755209982393,0.5627457102139791,0.8176390926043192,0.04969516988320012,0.11883742084641685,0.03621561346614277,0.029294429603275156,0.020938765584982397,0.009751419375379105,K
0.0639374988774458,0.040745833888649934,0.0112291666058202,-0.037352205564578335,0.5581213037172953,0.8075846831003824,0.04245010375712548,0.07208860713561198,0.007452111155693264,0.0580332336702223,0.06409614270965142,0.05245735732104284,K
-0.0313041691357891,-0.08667083332935965,0.024474999556938732,-0.0302549805492162,0.42750072479248047,0.910841147104899,0.09035061780002389,0.11234737055948127,0.009542144386999308,0.018565926484772805,0.030706486264749346,0.020055290949329573,K
-0.07773333027337986,-0.013108332951863637,0.021358333683262235,-0.030861711750427834,0.5069315532843272,0.8684566219647726,0.09036923320991565,0.11043991891583614,0.04101105155771392,0.01161103447144234,0.15752802337529728,0.11107315758277099,K
0.03414583361397187,-0.02497916606565313,-0.009395833282420966,-0.06550147260228788,0.5711124936739603,0.8514273564020792,0.0509882809113205,0.0405346019895986,0.00283241098649038,0.010160752868301532,0.02599008323768738,0.06288413534686874,L
-0.055458333343267406,-0.0364833325147628,-0.0379041656851768,-0.033512975011641695,0.6512264808019003,0.804081916809082,0.03783032905645401,0.020565023518350597,0.008237767629865833,0.02691304737516326,0.042245078772387715,0.07596544538904212,L
0.023466665608187536,-0.01397916674613949,0.0009625003052254668,-0.05159764116009074,0.5198513269424438,0.8239970405896505,0.06689927170432074,0.22997410138859428,0.02883601567975608,0.03398593455666773,0.0754824141321001,0.03268000163519094,L
0.031899998585383095,0.014941667517026266,0.008479165844619265,-0.05411124229431147,0.6153630415598551,0.8248178561528524,0.11948417620377692,0.22914656221329807,0.03679257763541792,0.04610857730373233,0.012707646856668293,0.03344495539841846,L
-0.042900002251068735,0.07626666656384863,-0.024979166376094,-0.04823257836202777,0.5356569389502207,0.8240990042686462,0.12375710450954736,0.19764262517945522,0.034767203975881865,0.0250056276233012,0.057026064577559085,0.046505066774060855,L
0.0385458329692483,0.12113749794661993,0.0067374996530513015,-0.04323596941928063,0.574135939280192,0.7633901834487915,0.08654883151653593,0.11005902037079084,0.0351411374867501,0.023316164557827118,0.22607468067230177,0.18663490755852394,L
0.04546666579941903,0.14886666586001715,0.016729167041679167,0.03545043493310606,0.7430672446886698,0.68776802221934,0.02822782624038746,0.05021016094832063,0.01921083846361404,0.018961203040897427,0.10151384267084097,0.16233177657661185,L
-0.046062499439964676,-0.07938333119576173,0.010495833276460533,-0.049797841658194834,0.6131196816762289,0.8025829593340555,0.046769406491656174,0.07896503182046571,0.006210881713999039,0.010505139838752656,0.03462002026788933,0.031630619823842694,M
0.039599999630202866,-0.0041250027716159725,0.002337500142554434,-0.027634310225645702,0.6700198451677958,0.7603004376093546,0.11844002897043684,0.15374928726625608,0.034215404570956336,0.04130582076549504,0.005214619396750284,0.04182458166849362,M
-0.019708335399627668,-0.003941665093104063,-0.008020833755532867,-0.06478257228930787,0.5593857367833456,0.8271632591883341,0.08875061199215024,0.17927186119511412,0.028072346274930104,0.06396806613826948,0.0552335729576574,0.043423610304739346,M
0.04936250050862626,-0.0307083303729693,-0.026170833657185238,-0.043847797748943096,0.6149245699246725,0.7994881470998129,0.12168175189647644,0.16217437752342423,0.03044727337497162,0.05232311948883254,0.04652946783053906,0.06318902413759814,M
-0.06480833391348521,-0.014575002094109802,0.010816666608055433,-0.025661159306764603,0.5088078280289968,0.8448706070582072,0.15685136392561144,0.10326048518338614,0.016663237965892985,0.029557398173185985,0.070084361979544,0.024899764174312104,M
-0.06104999966919423,-0.12118333329757053,-0.036025000115235566,-0.015367124229669566,0.5501369039217631,0.8484345078468323,0.061803610870060234,0.09102462042076499,0.008367188651906872,0.07041469670254513,0.03720119661466011,0.021864862705525914,M
-0.05568750016391274,-0.05894166479508076,0.0007791666624446335,-0.02355544424305357,0.5453799267609915,0.759214440981547,0.04239997028910899,0.00751401054949616,0.013037388072052392,0.031406629906782266,0.2752580656155169,0.22404896679643216,M
0.0071958297242721014,0.281416654586792,0.016729166265577064,-0.03086171081910527,0.5160783926645914,0.8788628379503886,0.19023691918064942,0.3292748634166427,0.03301441453948447,0.01607899368886285,0.015698901589784875,0.04772903119970425,M
-0.07952082995325327,-0.07360833200315633,0.0014666666587193663,-0.017059852679570497,0.6737622221310934,0.7287912170092264,0.1078447379872397,0.07465633600658914,0.012548962372512164,0.05198468586232213,0.008188754292396154,0.04274505358602741,M
0.0017875001455346675,-0.13470416516065598,-0.0108166666080554,-0.07858443260192867,0.5822885632514954,0.8286214470863342,0.046355855475550024,0.06662869252720022,0.01491753539200415,0.031073125816469142,0.0188260431935653,0.03430383748882827,N
0.0323583340893189,0.19029999772707626,0.04065416629115737,-0.04198171896859997,0.6553002595901489,0.7058475812276205,0.1414720914986481,0.2840774941349331,0.059232397937495365,0.04357042210233904,0.006180386581643593,0.011675806751550376,N
0.07470833448072274,0.045054165646433796,0.0331374993547797,-0.07545900469024974,0.6597614884376526,0.7424860000610352,0.1004460186645679,0.05664371325800131,0.021320481852155074,0.036738525184527616,0.019826316259440774,0.02855247507372929,N
0.03245000044504803,-0.05050833399097123,-0.005087500438094167,-0.10846212009588872,0.5948004722595215,0.8095221320788065,0.08432786479058264,0.12759002561248745,0.03804851408204713,0.03196687749039304,0.02797258065855176,0.05857199258553852,N
0.0337333350131909,0.15899582952260968,-0.0202583322922389,-0.031412358395755235,0.638072152932485,0.7606420318285624,0.10783317259596042,0.22128600264802334,0.05057165651622491,0.02128765977306688,0.02214894895308873,0.02697630046500968,N
0.03487916787465413,-0.02195416747902833,0.010450000098596,-0.03103506528229143,0.5551335016886393,0.8406184116999308,0.128030317515093,0.08847324547420664,0.014655848885253862,0.03670782095802744,0.04172606900426501,0.056957525940664014,N
0.04074583326776827,-0.01704999556144077,0.031212499365210502,-0.0764787172277768,0.45048003395398456,0.88457324107488,0.15711565409401576,0.1749447453746914,0.0213124994188547,0.029031260556096634,0.03608400739865502,0.039279607607637976,N
0.012466666599114698,0.2749083365003268,0.013887501011292132,0.05190355827411014,0.5548582077026367,0.7801848649978638,0.20253391835434933,0.20704343445055132,0.039415041069909056,0.027972574895434785,0.25678283246836314,0.19420203277350861,N
-0.09404999762773507,-0.032541664938132,-0.020212498803933433,-0.04027879051864144,0.6694437265396118,0.7231113711992899,0.07363134358073553,0.04457934206390624,0.050099271493479244,0.0186814969823492,0.016917571594902495,0.03000907367884202,N
-0.0776875019073486,-0.1451999992132187,0.0141624994575977,0.0258039180189371,0.6714831590652466,0.7774367332458496,,,,,,,N
0.02154166608427963,-0.05591666698455807,-0.011183332651853567,-0.0696823100248972,0.6171322663625082,0.7667246262232462,0.02405123459215137,0.012470373025853292,0.02608238727968257,0.01826811425598196,0.050097241740160225,0.033051485471324756,O
0.022366666545470603,-0.02731666713953017,-0.0074708331376314,-0.0455456258108218,0.6231180230776469,0.7509496410687765,0.170247061261478,0.1052603863245778,0.032764357914169775,0.026488878972928148,0.03377888557729335,0.021220553241825743,O
-0.09157499934857087,-0.09725833435853316,-0.012054166446129467,-0.013526536213854934,0.6054769158363342,0.734404722849528,0.10114496345957792,0.0563812602106168,0.029555249576972326,0.025080245690084386,0.2201889249218393,0.2109777718309764,O
-0.009212501967946702,0.11362083069980146,-0.005270833149552299,-0.018150949074576234,0.6194113492965698,0.7923552195231119,0.10230692963880147,0.2701123051491599,0.017226688525193705,0.020769582943856363,0.14645634844304747,0.08410552515599669,O
0.0298374993726611,0.0986562520265579,0.00034375023096800024,-0.02406785357743505,0.6852493286132812,0.7437325716018677,0.022556704880536,0.010597761837791528,0.016625847773287426,0.05739904883169251,0.0046074934792109355,0.027612507801912226,O
-0.0951958342144887,0.10271250456571575,-0.0670083340567847,0.0021719938764969645,0.6305925250053406,0.6916735172271729,0.25504379810237615,0.05503041642690376,0.05902167885942251,0.06918814896091502,0.0378168289213482,0.09015930823820516,P
0.007562500114242199,0.02232083181540173,-0.0038041671117146673,-0.05598242394626137,0.6451030770937601,0.7432711720466614,0.06971249659407946,0.06407150692224814,0.02860176261120696,0.05019822107421614,0.010484864504821742,0.03651409481390517,P
-0.048995833378285135,-0.057199998603512804,0.001512499836583933,-0.023866459106405568,0.6267176071802775,0.7789306243260702,0.04340348984756165,0.07258241714469844,0.010893783805912665,0.03516868178764077,0.03897247337084277,0.04984152880749907,P
-0.024016666381309403,0.030387499680121704,-0.003712499824663001,-0.016208389230693367,0.539465586344401,0.8494593103726705,0.02734706374356839,0.06643341875829217,0.0242245960881144,0.053556365433392344,0.07474802866677968,0.01694045743753835,P
-0.017370833394428065,0.0255291610956192,0.014254166434208534,0.011084315291858132,0.5523140033086141,0.7667246659596761,0.040324400090035455,0.28216106191433854,0.015648643645233894,0.02659012806888426,0.2664120806908456,0.24042904973188442,P
-0.0628374963998794,-0.0725999996066093,-0.0444125011563301,0.0419103354215621,0.660470187664032,0.7351134419441223,,,,,,,P
-0.038225001345078134,-0.06494583313663797,0.0020166668109595333,-0.057241771370172466,0.6037383079528809,0.7847022414207458,0.0776913933436197,0.05163529375712414,0.01344714350180052,0.05919928156983794,0.025613209934594348,0.017278241977385894,Q
0.025483333816130965,-0.10069583356380461,-0.023970833669106132,-0.0855236003796259,0.6404480735460917,0.7772277394930521,0.09162643026220171,0.03320912462470358,0.006414537574079084,0.015554924646736317,0.02174112131100568,0.01360498293315275,Q
-0.01567500084638594,-0.0945083349943161,-0.006462500120202668,-0.05312721586475763,0.6111465493837992,0.7663524548212687,0.036702714150986616,0.17612672622618283,0.03456997194503669,0.04134731668272955,0.02537145946116246,0.03411141924088516,Q
-0.047070833543936395,0.0011458347241083688,-0.0231916670066615,-0.08484039207299543,0.4815100034077962,0.8909260630607605,0.11794818007315135,0.1858781528110368,0.027624956164096492,0.06817500585144287,0.12256758728439959,0.037741695338831656,Q
-0.03794999917348226,-0.009258333438386467,0.0007791674385468003,0.0123691577464342,0.5686957637468973,0.7844677170117696,0.12408420406378849,0.00977926984881362,0.03158442040023811,0.013765627996567747,0.2719540859275944,0.2140507787923105,Q
0.0085708337525527,-0.14790416260560352,0.007837500423193,-0.03929476688305533,0.6144147117932638,0.7650931080182394,0.06914709944606984,0.10166376964031172,0.09043445090986658,0.029691255700571063,0.06886917441509055,0.0523633482779094,Q
-0.014575001783669004,0.17068332930405936,0.0193875003606081,-0.0017335178417851999,0.6078171928723654,0.804316500822703,0.18144254262990955,0.24171569954956262,0.05280232688311234,0.02150867795112975,0.01563998806854848,0.020351011388149515,R
0.021724999571839963,0.054908335829774495,0.0104500005642573,0.03150923115511737,0.6181519826253256,0.7772277394930521,0.05865354079765695,0.2296330796120351,0.04379779738372268,0.03569480249613125,0.04299635822777326,0.024288778337646047,R
0.009579166769981365,-0.053441666377087436,-0.004583333463718467,0.0121397216983799,0.6857234835624695,0.7227086027463278,0.04454179448129912,0.06398484323623169,0.00475188032491407,0.031161800484054862,0.014059210989252004,0.010004161050120435,R
-0.027591665585835732,0.10935833118855949,0.0033916669587294008,0.031544921298821735,0.5892991026242574,0.8270918329556783,0.11784899844591677,0.1282973215313088,0.042485570119016665,0.019306508754139112,0.01697482979447328,0.04472295881284077,R
-0.014620833409329266,0.0357041681806246,0.007837500423192999,0.07882406562566757,0.7259003122647604,0.6958543658256531,0.02275046836289672,0.07021342106870067,0.025128666443819742,0.003726717568068921,0.13942055243599705,0.16968791683468473,R
-0.0034833325383563977,-0.0089833332846562,0.009258333904047766,0.08137335876623787,0.7100947300593058,0.7295050024986267,0.09944248013032599,0.035055039866130004,0.024574575635332364,0.01699224888637858,0.028392074853872094,0.024203953976951936,R
-0.0463375002145767,-0.06215000152587885,0.013131250627338898,0.1427092924714088,0.714923083782196,0.7334309220314026,0.10928335375730665,0.06922575613723404,0.034710104262686475,0.004109981542676214,0.023513389609439692,0.04001817978000282,R
-0.028279165426890036,-0.02089999926586943,-0.004720833618193866,-0.0361693352460861,0.6201913952827454,0.7917739550272623,0.07830951838193585,0.02677580739159695,0.05431621219645083,0.06029627172229139,0.03371609697747932,0.04665138622831398,S
-0.01599583216011523,0.020074998339017196,-0.015583332628011698,-0.0040482737046356335,0.6768519282341003,0.7495220303535461,0.07129375996417253,0.21337713839242556,0.025688714134346504,0.015254974582527357,0.02378979750262963,0.02230161673379861,S
0.014345832945158066,-0.0026124988993008677,0.011091666451344866,-0.0500680686285098,0.568180779616038,0.8197141885757446,0.013486452871998868,0.1346609458687997,0.023914856181849953,0.048074729490528566,0.0811189939977042,0.03119810416899264,S
-0.06815416614214574,-0.023879166071613597,-0.0019708333226541998,-0.014587041145811467,0.6190646290779114,0.7825302680333456,0.05321540264255528,0.02142368722568845,0.02055398921327274,0.01705549728172766,0.06232636749929144,0.045580034078126365,S
-0.012558333730946001,-0.0410666683067878,-0.027087499077121397,-0.030795432316760168,0.5424533387025198,0.8227733373641968,0.04393686235164984,0.07859834257473498,0.019889078191216963,0.020885735453381397,0.10708892608961228,0.05605721652691444,S
-0.0233750014255444,-0.027087496748814933,-0.0120541670670112,0.04670300334691994,0.7032320102055868,0.7265121340751648,0.04600459176366168,0.1101338912161631,0.027254614177248733,0.008200323502042074,0.010695056390895298,0.0063638007274447695,S
0.083187498152256,-0.1548250019550323,-0.0103124994784593,-0.0163205582648515,0.6751541495323181,0.7510210275650024,,,,,,,S
0.039004166920979806,0.19300416111946106,0.04102083295583724,0.05013944891591863,0.5794384479522705,0.8343675335248312,0.049725280376318716,0.0497364972508455,0.06340544316530103,0.03676539120182792,0.04276705555898771,0.015991278207789304,T
-0.015491666893164295,-0.05903333425521847,-0.027179166985054765,-0.0326972013960282,0.6464643875757853,0.7652664581934611,0.08856604849099121,0.24698048039164783,0.023078847297222514,0.12444141651625715,0.05969838608740781,0.027820057126809614,T
0.058850002785523735,-0.027774998297294,-0.0010083333278695997,0.008193418929295135,0.6113504568735758,0.7949707905451456,0.08293381915936993,0.1360989518323994,0.016796024984385028,0.06999273343009679,0.02204327181607272,0.04645620577084014,T
0.0684750030438105,0.2154166599114736,0.008204166156550232,-0.026002767185370163,0.645990252494812,0.730524738629659,0.18641490979051292,0.3363061121320779,0.04352093890906381,0.12263089913381711,0.029344405545152163,0.016821633369431956,T
0.10372083075344561,-0.13076250006755186,-0.0026583337845901664,0.015703630944093033,0.6366445620854696,0.7633238832155863,0.11431967829470979,0.033590269839513125,0.015832415222928706,0.11972183045685472,0.09198471887046525,0.10611877938856466,T
-0.004583335792024935,-0.011091665675242737,-0.036758332668493134,0.01757480607678493,0.569409559170405,0.8014612992604574,0.13603930094938055,0.25455132664108654,0.030944017439760295,0.09771191272648215,0.07306261190139667,0.02630554549395197,T
0.005774999968707566,0.029608334104220074,-0.0026124998306235,-0.053127214933435106,0.4872866968313853,0.8705674608548483,0.01710977416062136,0.06997552454412334,0.010986241079526426,0.12379697319128279,0.02257932182864173,0.01501963589806938,T
0.008891668170690536,-0.009579166769981334,-0.018791666254401165,0.1208363721768061,0.5930975476900736,0.734333356221517,0.1058700314215554,0.09382350936391393,0.01226861629421225,0.030632755399452094,0.24854506051108338,0.23717742439437897,T
-0.04574166409050423,0.285312498609225,-0.04757500113919374,0.1316453690330187,0.6280075510342916,0.7383102575937907,0.07172602856422283,0.1439820673514323,0.0479875013697892,0.046555032969190474,0.11404958371279054,0.08914656220695455,T
-0.0761062519159168,0.0700562484562397,0.0083875004202127,0.09024488925933835,0.6829549670219421,0.6910617053508759,0.11832548364836751,0.10840830615687959,0.0007778174550905629,0.02379459338270443,0.00584045738554863,0.03402628876775455,T
-0.02452083428700763,-0.1148125013957421,0.012283333266774799,-0.12865759680668507,0.6041512688000997,0.8171700239181519,0.11010327480085694,0.13316298282903316,0.004921911018171672,0.02445079559973128,0.01439804134698037,0.031419036833060805,U
0.07232500240206717,0.0046749996642272,-0.024291666845480602,-0.08371870468060173,0.6550963123639425,0.7269200285275778,0.1237736042420126,0.0797944378706044,0.08226940352386754,0.04888930996937416,0.025032337456919164,0.07550953397349962,U
-0.14185416946808493,-0.22343749304612479,-0.029333332553505866,-0.12249851226806639,0.6459239721298218,0.7234223882357279,0.08654140644257068,0.03947303361641995,0.03927312239175302,0.036740606540746845,0.01912079694681504,0.015765278753352964,U
-0.11055000188450013,-0.39627499381701153,0.003483333935340234,-0.06570541858673097,0.6245099107424418,0.7898721893628439,0.0721196364817654,0.23718695423921773,0.04583440940735259,0.08339632812737441,0.029040902544366424,0.005613535642650272,U
0.05087500313917797,0.27935416003068286,0.018654166410366702,-0.09041313951214151,0.6098565856615702,0.7894285917282104,0.13996953046503344,0.13481805356795135,0.0559948083781414,0.04088427423653782,0.1123416071365275,0.12298736269366586,U
-0.11183333272735274,-0.2553833325703938,-0.06159999842445054,-0.06981487323840457,0.5530584255854288,0.8502088189125061,0.05919057024928628,0.15939573817047567,0.020617206845574405,0.04320265417870876,0.04088280386811936,0.015524188619596216,U
0.07617499989767866,-0.01943333446979523,0.0272249995420376,-0.1266130705674489,0.48436521490414935,0.8273314634958903,0.07539953869344258,0.10224827168422303,0.0210590569785715,0.019170133363594577,0.01241504655435466,0.027946970980341514,U
0.07425000208119549,0.08575416232148807,0.004949999352296198,-0.032493258515993696,0.6705960035324097,0.7323907812436422,0.11654932161836895,0.21217052787738164,0.04725121043076205,0.006161287473776683,0.02627293390296367,0.04679462350052874,U
-0.14799583454926807,0.082866666217645,-0.007745833446582165,0.017064950118462235,0.6780756314595541,0.699494739373525,0.03977824016963031,0.17916626196339377,0.04461813127844127,0.10403794058831313,0.006883165646548564,0.05347483503541035,U
-0.1032624989748001,-0.195250004529953,-0.0241999998688697,-0.0085656167939305,0.6932030916213989,0.7165597081184387,,,,,,,U
-0.07970416049162543,-0.16651250422000882,-0.0409291666001081,0.0026818551123142056,0.635655423005422,0.7748466730117798,0.24974316278207956,0.3399266166973878,0.02653761913238026,0.1159152764740835,0.046120856580548354,0.04929069852725173,V
-0.1311291654904683,0.0068291698892910995,-0.02250416638950503,-0.0106407393080493,0.5736566781997681,0.8425915439923605,0.10443940514171314,0.18968603661809982,0.003928588042499391,0.04701510858567691,0.0811185090802256,0.08534799783131736,V
-0.049225000043710034,-0.040975001951058736,-0.020670833066105832,-0.030112219819178197,0.5853885014851888,0.8001050551732382,0.07938931219784731,0.22296128928921363,0.01224161863904136,0.05613153546722242,0.0292587254047255,0.04110013530115761,V
-0.059354168673356335,-0.19919166465600333,-0.007195832673460234,-0.09099437668919559,0.6218229730923971,0.7353173891703287,0.10820265754474231,0.3046682635574828,0.06334697281437245,0.0629085691812479,0.023509538271915317,0.022631830813851173,V
-0.0564666657398144,0.005225000282128596,-0.03657499949137367,0.002483011533816637,0.6279412706693014,0.7754228313763937,0.030499698236336078,0.10911757679575192,0.0033764580569912847,0.08416136811934756,0.019986463724806013,0.025167591694777038,V
-0.06205833470448854,0.12026667098204297,0.03822499948243297,-0.01189498727520307,0.5485716462135315,0.8496275544166565,0.11894841662457362,0.29667677207055526,0.008258016963137724,0.11145599800527234,0.08639209254296495,0.07114242237508256,V
-0.07997916576762987,-0.10225416719913483,-0.009670833125710467,-0.019242048263549794,0.47059905529022217,0.8839971025784811,0.059698650680517676,0.12544050120630967,0.026123673339158996,0.13747841161634045,0.022969921063167368,0.0438060549035962,V
0.07104166597127913,0.03584166616201403,-0.0187916668752829,0.024202962716420463,0.5597579379876455,0.7726746797561646,0.13871019465979118,0.3269727145341656,0.03391050328518713,0.09224015344349264,0.2562481734263286,0.2081788183125116,V
0.05967499874532217,-0.048537490268548346,-0.0564208328723907,0.0810011609767874,0.7994881272315979,0.5945302347342173,0.043259648364128794,0.45770130532628733,0.0030166546024703836,0.07767174612900689,0.10802629658270681,0.11525312913374088,V
0.07530416796604794,0.06283750136693317,0.032358332381894166,0.0569001684586207,0.6785497864087423,0.7605400681495667,0.09436311070823213,0.22104932625079288,0.05911161988587652,0.08351476326748578,0.036548192036404956,0.03127470271807255,V
-0.026537500321865,-0.2836624979972839,0.025849999859929,-0.0056135379709303,0.6958492398262024,0.7492925524711609,,,,,,,V
-0.018837500518808736,0.036483332514762865,0.016179166113336835,-0.04891578853130337,0.609214166800181,0.8177410562833151,0.010009207169648593,0.05232671417619144,0.030176891100283435,0.010689339331835392,0.0018508889332455093,0.031881801429807864,W
0.04762083229919267,-0.05765833333134649,0.008387499799331033,-0.04503576806746423,0.5838844180107117,0.7938134074211121,0.049672018926160716,0.08274648274467089,0.02763852615445667,0.0434626785196137,0.025937911248552884,0.02123562366248181,W
0.008158332357803964,-0.14955416942636166,0.013291666284203535,-0.04507655588289097,0.6834495266278585,0.7321205735206604,0.07660667074197815,0.10227194236560977,0.033426171167305806,0.033051549498748764,0.0061787502853080725,0.030373284373355455,W
-0.02296250189344087,0.0858458367486795,0.015170833095908135,-0.08293861647446943,0.5660801728566488,0.8242672085762024,0.10348270764489614,0.10955578246623246,0.0064878049492904785,0.04157163770821672,0.07433152404446858,0.07281486598296344,W
-0.04532916719714797,0.06797083343068756,0.0016958328584830002,0.033411003649234695,0.5992872516314188,0.8038423260052999,0.08048547546733605,0.04527746491260641,0.042682695424171364,0.006416493467015548,0.0159433455323375,0.03472196989976146,W
-0.012237500865012433,0.032175000912199395,-0.0040791674206654,-0.0322536236296097,0.6198549270629883,0.7972192565600077,0.05871056730294118,0.09396523130212488,0.020084572649453375,0.059377115650578544,0.0195525803572627,0.016043312269400832,W
-0.0242458333571752,0.09052083268761633,0.05463333427906033,0.023178151498238198,0.5685274998346964,0.8565259575843811,0.07674943131586189,0.045471219227901274,0.07533900180593699,0.018839343474421746,0.05087478429522992,0.08090752657185528,W
-0.06998749698201816,-0.12929583340883252,-0.02236666592458883,-0.03766321856528517,0.634911040465037,0.7751882870992025,0.11135980429119942,0.03748617072658898,0.03175783625764017,0.03909861292679522,0.030176652365754758,0.06352947012315667,W
0.07255416736006734,-0.1083041665454705,0.041020832645396334,-0.024238655343651733,0.600408931573232,0.8089715043703715,0.06538212990509464,0.07785709789919934,0.04049843709028897,0.006449225504727065,0.04175698394210264,0.043876188236786684,W
-0.007104166783392434,-0.049133333377540105,0.021449999573330034,-0.04170129634439943,0.5309968590736389,0.8227070768674215,0.033858054330176426,0.04657828137603044,0.008353619784964898,0.05736400260813918,0.03707201410361121,0.044482393985746285,W
0.030020833791544004,0.05431249830871817,-0.027774998918175666,-0.029265857922534128,0.44524380564689636,0.9042486747105917,0.04527934482237679,0.09348695347428931,0.013202147390925867,0.043411312495780244,0.05442141999308485,0.022451859936129644,W
0.013154166595389401,-0.10977083196242654,0.0018333333233992,-0.005741002241848068,0.5631892879803976,0.7965666254361471,0.007452110760461937,0.1535455963097917,0.006915215673794626,0.03140643651742834,0.2732835430204295,0.24455715449369173,W
-0.08552499922613299,0.07434166719516117,-0.03336666679630673,-0.007816125017901266,0.6874213218688965,0.7393962542215983,0.058074667187684205,0.1594343370474789,0.03038760373136173,0.036599528362038496,0.016449159411612735,0.03655393864650262,W
0.016362499445676765,-0.026629166056712464,-0.019570832451184565,-0.004451061518921033,0.7023805578549703,0.7315800984700521,0.08944858611073934,0.06238505827901894,0.027559860652024853,0.0041023402497012565,0.0172509189621344,0.017818918280182058,W
0.04225833232825,0.16926249613364538,0.021449999262889197,-0.024983048594246268,0.5628833373387655,0.8619661331176758,0.06962855556585087,0.08064430406932753,0.029837499372661055,0.01632968296282366,0.009532944732008155,0.02476799370325149,X
0.06430416585256653,0.11884583036104839,0.012970833418269934,-0.009417079699536132,0.559181829293569,0.8448349436124166,0.059408326057425645,0.052776421033077496,0.01652309188470927,0.030135861439276053,0.006812074615610791,0.0026528932791676854,X
-0.017233331998189265,-0.18062916863709685,-0.044183333714803034,-0.004522441265483667,0.6481979489326477,0.7781811753908793,0.06928817569190901,0.19121916792555035,0.024038655990273827,0.015202894361266268,0.008500573860219164,0.03971991490398294,X
-0.012925001482168866,0.03391666958729427,-0.025712500015894535,-0.038066006576021466,0.5773327350616455,0.8351424932479858,0.15130118190581987,0.14479933616920573,0.030403050397274475,0.0118758064551172,0.10249548011524201,0.08483625625276486,X
-0.051333333055178336,0.08722083146373427,-0.0221374994143843,-0.005027201259508768,0.6319895188013712,0.7778395414352417,0.09529417844962053,0.054381955476414195,0.01920132169858443,0.02509003827225893,0.02570087440975332,0.010883007406752226,X
0.1415791610876719,0.048629165937503126,-0.03098333378632857,0.007275674492120704,0.584567646185557,0.8128515084584554,0.0473647739694152,0.0931963314277204,0.024036295786226975,0.07930200022223798,0.04143749417309753,0.060224462936550434,X
-0.014391668140888237,0.03189999858538306,0.007654166469971334,0.04833454887072241,0.49487340450286865,0.8888152837753296,0.17092927134927013,0.2417672285793314,0.03174860797037128,0.004642177330977578,0.009895470390130105,0.011798699602594312,X
-0.012741666442404166,0.004995832840601566,0.0029791666505236993,0.016555095712343832,0.5568670332431793,0.8542876839637756,0.011675631093003886,0.10313896466368888,0.028842680632731366,0.05404256288009668,0.0531968331056412,0.01062892439428951,X
-0.08062083274126047,-0.056879165271917935,0.022366666545470534,0.03174886573106047,0.41978658239046734,0.903330941994985,0.025044763262948536,0.03792217325061134,0.007121296900157478,0.03666309190193674,0.03306695884597036,0.012042935269784243,X
-0.043633333252121966,0.0905666671072443,-0.008799999952316269,0.05339744438727697,0.6991837521394094,0.6605058908462524,0.04962480182286865,0.11441994261245142,0.01860726109430329,0.051859844228571754,0.2587231158431007,0.2009701936736298,X
-0.040058334668477365,0.028874999533096902,-0.0006416663527488662,0.05027711018919943,0.8084259231885275,0.5709391236305237,0.20500646924101854,0.06250747588314759,0.045212694914507065,0.0290264719330299,0.11180047442220425,0.15366553464324217,X
0.0383624993264675,0.0614624992012977,0.0024749999865889,0.0622077882289886,0.6702594757080078,0.7751882672309875,,,,,,,X
-0.10083333278695739,-0.12008333206176759,-0.03639166615903377,-0.14007842292388276,0.586030920346578,0.8102665344874064,0.06276168386231756,0.3029417174297656,0.05872334006033539,0.03687348112200974,0.016578921867248665,0.02551842850380058,Y
0.07539583230391143,0.0823166668415069,-0.0065999998090168,0.011487101515134171,0.6545558571815491,0.7661434014638265,0.09575937996072875,0.025036458295855716,0.06306185180391577,0.16524839977548178,0.04721247693043627,0.021055303062344235,Y
-0.09482916692892703,0.10170416533946991,-0.018975000983725,0.0458209489782651,0.5736566781997681,0.7892297705014547,0.05053519418599475,0.24676788256166485,0.08221729735303246,0.1110409452618802,0.09474506896279151,0.07053116520143436,Y
0.17279166479905442,0.13378749787807462,-0.021862499415874533,-0.0794358973701795,0.6727730631828308,0.7043894131978353,0.04234159594749447,0.3913379325255742,0.06506060600799354,0.15045729617307788,0.012607978172927812,0.0778337261587804,Y
0.0021541655684510653,-0.08983333533008897,0.00041249829034013347,-0.021001055836677537,0.6068331400553385,0.7775642077128092,0.07459756121341708,0.29660204798423606,0.05682976454332823,0.12662695595911752,0.06282835593626168,0.04966463333167098,Y
0.005637500435113939,0.0845625003178914,0.017049999752392336,0.12790810565153754,0.494123895963033,0.8550983667373657,0.14373189907075049,0.022382112348843648,0.010398309691245658,0.04812896277887339,0.022952380252289756,0.026064572921098594,Y
-0.005775000900030101,-0.005637500435113955,-0.0273624993860721,0.0606246832758188,0.6885608434677124,0.7188999652862549,0.14234059691574263,0.10831108391407701,0.01205616923681397,0.15999701020919546,0.03972618641351935,0.0726816502011576,Y
0.08378333101669944,0.0896958311398824,0.01938749973972637,-0.025895692408084838,0.5786889592806498,0.8451051513353983,0.1333144794551532,0.13921060447033562,0.05256871367012946,0.06388935158809052,0.028762286479599528,0.05367191877394903,Z
0.060362500449021604,0.014437500387430168,0.001649999835838867,-0.06077509000897404,0.5809986193974813,0.8263780474662781,0.033956654088258015,0.1137676010483609,0.014930625259946326,0.015480792329800841,0.011777274066218037,0.01915073632491973,Z
0.0536708328872919,-0.013933329532543837,-0.002291666343808167,-0.032732891539732564,0.5991801619529724,0.7943946321805319,0.04339107234297996,0.1885020333193294,0.03010601148379923,0.022471883474749262,0.04504226533665878,0.05752345819262935,Z
-0.10019166395068164,-0.013383332019050898,-0.0267666666768491,-0.03572575872143107,0.6050639152526855,0.8311044176419576,0.07308927665206574,0.06844632367020985,0.039460423282684794,0.011860123005938824,0.08942678164573632,0.06785962971442994,Z
-0.028187499692042633,-0.0227791673193375,0.013887499769528635,-0.05713979775706923,0.5997614065806071,0.7985703746477762,0.02989826702039968,0.056261757291279635,0.01414780756956584,0.03282106291864659,0.04100768614081176,0.0114445862378181,Z
-0.009624999326964232,-0.04661249617735547,0.009945833434661266,0.0005761395829419336,0.6109833916028341,0.77902752161026,0.04696706826287748,0.19264544552051038,0.05256913499054783,0.008554483631371216,0.021108211314921275,0.02431189292387245,Z
0.01219166815280913,-0.009624999326964196,0.005499999970197667,-0.0272264244655768,0.5182198186715444,0.8705674211184183,0.09938504478622644,0.07791822899775389,0.00981175947303507,0.04918329618845838,0.04778825587034017,0.019493412028095763,Z
-0.03552083407218253,-0.051837498943010964,0.011320833271990202,0.020700239731619736,0.4381057918071747,0.8940872152646383,0.06339247214996077,0.16297915637295762,0.013873425135757688,0.02398440077867547,0.04619557037749114,0.023313766275708466,Z
-0.06490000026921429,-0.0164083335548639,-0.0326333337773879,0.043373629450798,0.38779808084170025,0.9380369981129965,0.07905460780296429,0.029727466629740306,0.021569685562032165,0.022336945459521283,0.016460685470974786,0.010854157645686091,Z
0.05545833272238567,-0.2002000013987223,0.007104166472951566,0.036031672692236734,0.5800145864486694,0.7655672828356425,0.04574026558174687,0.18037972660216164,0.022159409074601188,0.03053781322074057,0.24924742294724547,0.21350744852816547,Z
0.01815000013448295,-0.023787502199411392,-0.0145062496885657,0.0009177443571388505,0.6704124212265015,0.7691693902015686,0.019639891070307777,0.1433128720273284,0.06329489507871852,0.0134114979567244,0.022280425703102,0.047448584878776415,Z
