47;23;Male;1;0;1;40;-0.62825716;8.23305;5.170868;9.742468641726042;-0.6553482;8.257044;5.249966;9.80665;0.027091026;-0.023993492;-0.079098225;0.08698356;5.645752E-4;0.012176514;0.003921509;0.012804861232583975;20.759583;-6.755066;-12.971497;25.393915;17.180374;5.000305;0.3176372;0.3625367;0.6112599;0.7784375;0.37326804;0.30495444;0.49891576;0.72024775;0.0;1.0;163.78125;-57.546875;-3.765625;173.6379;0.0;0;a;attığı yalana bak ördek kandırıyor sanki
47;23;Male;1;0;1;40;-0.13736215;8.422598;5.1204557;9.85789490740894;-0.26960626;8.436548;4.9922295;9.80665;0.13224411;-0.013950348;0.12822628;0.1847298;0.1733551;-0.25541687;-0.10623169;0.3264581751723534;19.999695;-7.6309204;-12.719727;24.900003;17.180374;5.000305;0.0;0.0;0.0;0.0;0.37326804;0.30495444;0.49891576;0.72024775;0.0;1.0;163.78125;-57.546875;-3.765625;173.6379;0.0;0;a;attığı yalana bak ördek kandırıyor sanki
47;23;Male;1;0;1;40;-0.30366403;8.453616;4.2323914;9.458803956175737;-0.2653569;8.568199;4.7629743;9.80665;-0.03830713;-0.114583015;-0.5305829;0.5441644;0.13349915;-0.1923523;-0.046798706;0.23877091374220383;19.122314;-7.9589844;-13.037109;24.473957;17.180374;5.000305;0.35187772;0.36515477;0.60181224;0.78697765;0.41333824;0.2937812;0.47732922;0.71763563;0.0;1.0;164.23438;-57.90625;-0.625;174.14491;0.0;0;a;attığı yalana bak ördek kandırıyor sanki
47;23;Male;1;0;1;40;-0.0741857;8.595236;4.6432137;9.769494299995685;-0.19363852;8.577089;4.750415;9.80665;0.11945282;0.018146515;-0.1072011;0.16152507;-0.036087036;-0.13078308;0.0019989014;0.13568523791613668;19.374084;-7.369995;-12.701416;24.31045;17.180374;5.000305;0.35560492;0.36241058;0.60115254;0.7868804;0.4166452;0.2901776;0.47628328;0.71788436;0.0;1.0;164.73438;-58.375;-0.46875;174.77206;0.0;0;a;attığı yalana bak ördek kandırıyor sanki
47;23;Male;1;0;1;40;-0.11759989;8.666875;4.8189774;9.917212066980506;-0.16907294;8.578298;4.74917;9.80665;0.05147305;0.08857727;0.06980753;0.12396975;0.013137817;-0.027236938;0.010940552;0.03215818255446096;19.639587;-7.2631836;-12.957764;24.624598;17.180374;5.000305;0.35658813;0.36153096;0.6012937;0.7870285;0.41729563;0.28935114;0.47683564;0.7174734;0.0;1.0;165.01562;-58.328125;-0.234375;175.02109;0.0;0;a;attığı yalana bak ördek kandırıyor sanki
47;23;Male;2;0;1;40;-0.20336314;8.5523815;4.755716;9.787820010651448;-0.1665239;8.576449;4.7525973;9.80665;-0.03683923;-0.024067879;0.003118515;0.044114813;-0.0017852783;-0.024047852;0.01008606;0.026138381945827384;18.87207;-8.314514;-13.995361;24.923008;17.180374;5.000305;0.35669115;0.3611875;0.6011628;0.78681743;0.41730708;0.2890325;0.4767225;0.7176703;0.0;1.0;165.0;-58.3125;-0.171875;175.00108;0.0;0;at;attığı yalana bak ördek kandırıyor sanki
47;23;Male;2;0;1;40;-0.09620577;8.637994;4.9238534;9.94326546959845;-0.17016278;8.577396;4.750757;9.80665;0.07395701;0.06059742;0.17309618;0.19774725;0.0448761;0.075027466;0.0030670166;0.08747794920101769;19.85321;-7.7163696;-13.566589;25.253607;17.180374;5.000305;0.35604662;0.36195245;0.60207444;0.78757375;0.41675273;0.28999302;0.47795105;0.7167873;0.0;1.0;165.04688;-58.359375;-0.09375;175.06084;0.0;0;at;attığı yalana bak ördek kandırıyor sanki
47;23;Male;2;0;1;40;-0.21518399;8.578342;4.6252203;9.74817513394422;-0.19691238;8.592689;4.722003;9.80665;-0.01827161;-0.014346123;-0.096782684;0.09953166;0.04232788;0.09547424;-0.003326416;0.10448944909548072;18.82019;-8.306885;-13.252258;24.470926;17.180374;5.000305;0.3554918;0.364514;0.6022354;0.78862685;0.4168289;0.2924013;0.47799474;0.7157347;0.0;1.0;164.90625;-58.46875;-0.203125;174.96487;0.0;0;at;attığı yalana bak ördek kandırıyor sanki
47;23;Male;3;0;1;40;-0.21301898;8.615337;4.4693394;9.707955674692876;-0.19119224;8.608276;4.693762;9.80665;-0.021826744;0.0070610046;-0.22442245;0.2255919;0.01461792;-0.009338379;0.015197754;0.023062103852826546;19.067383;-8.525085;-13.110352;24.66016;17.180374;5.000305;0.3566777;0.36532962;0.60174686;0.7891667;0.41840723;0.29260916;0.4770033;0.7153902;0.0;1.0;164.78125;-58.5625;-0.328125;174.87863;0.0;0;att;attığı yalana bak ördek kandırıyor sanki
47;23;Male;3;0;1;40;-0.12610343;8.583796;4.923016;9.896137750705057;-0.17765416;8.595477;4.71769;9.80665;0.05155073;-0.011681557;0.20532608;0.2120206;-0.015197754;0.08631897;0.06484985;0.10902953431766971;19.252014;-7.6934814;-13.360596;24.664452;16.012985;5.000305;0.3552865;0.36501545;0.6041241;0.79020935;0.4167553;0.29288188;0.48014152;0.7141424;0.0;1.0;164.75;-58.609375;-0.3125;174.86485;0.0;0;att;attığı yalana bak ördek kandırıyor sanki
47;23;Male;3;0;1;40;-0.25255358;8.65995;4.630615;9.82349798144713;-0.19866315;8.597886;4.712458;9.806649;-0.05389045;0.06206417;-0.0818429;0.11599311;-0.011795044;0.14149475;0.04119873;0.14784188409966012;19.444275;-7.209778;-12.619019;24.275509;16.012985;5.000305;0.3534934;0.36711568;0.60582584;0.7916795;0.4155972;0.29497537;0.48164678;0.71294105;0.0;1.0;164.5;-58.59375;-0.265625;174.62401;0.0;0;att;attığı yalana bak ördek kandırıyor sanki
47;23;Male;4;0;1;40;-0.2624675;8.627776;4.8693967;9.91052128380254;-0.22403398;8.587055;4.7310343;9.80665;-0.038433537;0.04072094;0.13836241;0.14926314;-0.025863647;0.05606079;-0.02079773;0.06514818481521652;19.519043;-7.7148438;-13.197327;24.792767;16.012985;5.000305;0.35167545;0.36757144;0.606344;0.791478;0.41385862;0.29581317;0.48219678;0.7132334;0.0;1.0;164.09375;-58.5625;-0.359375;174.23103;0.0;0;attı;attığı yalana bak ördek kandırıyor sanki
47;23;Male;4;0;1;40;-0.2923795;8.513255;4.3202267;9.551196532709298;-0.27052835;8.577473;4.7459636;9.80665;-0.021851152;-0.06421757;-0.4257369;0.43110704;-0.096588135;0.113586426;-0.04019165;0.15442316122898858;18.946838;-7.4783325;-12.800598;24.057503;16.012985;5.000305;0.3489139;0.36916432;0.6070531;0.7915407;0.41178665;0.29741383;0.48208058;0.7138453;0.0;1.0;164.03125;-58.484375;-0.484375;174.14622;0.0;0;attı;attığı yalana bak ördek kandırıyor sanki
47;23;Male;4;0;1;40;-0.20989284;8.605799;4.836561;9.8740140641689;-0.2768171;8.538955;4.8145614;9.80665;0.066924274;0.06684399;0.021999836;0.09711318;-0.16497803;0.066085815;0.009674072;0.17798503587649245;20.411682;-6.764221;-12.754822;25.00154;16.012985;5.000305;0.34568816;0.36745802;0.6093672;0.79110944;0.408386;0.29622045;0.4840389;0.714969;0.0;0.99999994;164.01562;-58.328125;-0.734375;174.07997;0.0;0;attı;attığı yalana bak ördek kandırıyor sanki
47;23;Male;4;0;1;40;-0.3190479;8.519034;4.9413533;9.853563025173752;-0.29894593;8.514899;4.8556676;9.80665;-0.020101964;0.004135132;0.08568573;0.08810921;-0.089141846;0.088653564;0.0013580322;0.12572814867660323;20.257568;-7.1914673;-13.018799;25.131163;16.012985;5.000305;0.3427927;0.36731872;0.6110313;0.7910683;0.40550637;0.29663858;0.48568603;0.71531755;0.0;1.0;163.84375;-57.796875;-0.84375;173.74109;0.0;0;attı;attığı yalana bak ördek kandırıyor sanki
47;23;Male;5;0;1;40;-0.39144665;8.569584;5.1658907;10.013861749455039;-0.31270635;8.534588;4.820104;9.80665;-0.0787403;0.034996033;0.34578657;0.35636094;0.12072754;0.04498291;0.004547119;0.12891577637248228;20.487976;-6.9976807;-12.321472;24.91071;16.012985;5.000305;0.3432558;0.36934876;0.61062336;0.7918989;0.4062498;0.29867068;0.48570582;0.7140356;0.0;1.0;163.73438;-57.515625;-0.953125;173.54509;0.0;0;attığ;attığı yalana bak ördek kandırıyor sanki
47;23;Male;5;0;1;40;-0.20911515;8.554629;4.6710467;9.749055531033834;-0.30640444;8.55428;4.7854767;9.80665;0.097289294;3.490448E-4;-0.11442995;0.15019834;0.0683136;0.010894775;0.0068969727;0.06951986981924788;19.766235;-7.9452515;-12.857056;24.882423;16.449036;5.000305;0.34457266;0.37051085;0.61019105;0.7926801;0.40774852;0.2995826;0.48549962;0.71293867;0.0;1.0;163.59375;-57.75;-1.0625;173.49094;0.0;0;attığ;attığı yalana bak ördek kandırıyor sanki
47;23;Male;5;0;1;40;-0.2789959;8.539361;4.8146086;9.807088302433693;-0.29776597;8.578468;4.742531;9.80665;0.018770069;-0.039107323;0.07207775;0.08412431;0.1081543;0.067352295;0.05505371;0.13879695686513133;19.476318;-7.133484;-12.783813;24.364717;16.449036;5.000305;0.3455865;0.372516;0.6107109;0.7944596;0.40910187;0.30138656;0.48648512;0.7107278;0.0;1.0;163.59375;-57.984375;-1.03125;173.56891;0.0;0;attığ;attığı yalana bak ördek kandırıyor sanki
47;23;Male;5;0;1;40;-0.4694837;8.550426;4.453051;9.651935709205832;-0.33249775;8.575139;4.7462425;9.80665;-0.13698596;-0.024713516;-0.29319143;0.32455683;-0.043533325;0.18539429;0.039916992;0.19457533091450155;19.72351;-7.00531;-12.097168;24.175043;16.449036;5.000305;0.34263012;0.37498477;0.61291957;0.7960398;0.40696597;0.30395344;0.48832583;0.7095977;0.0;1.0;163.39062;-58.265625;-1.0;173.47156;0.0;0;attığ;attığı yalana bak ördek kandırıyor sanki
47;23;Male;6;0;1;40;-0.25413087;8.525109;4.872498;9.822591446302344;-0.38381124;8.506518;4.8643837;9.80665;0.12968037;0.018590927;0.008114338;0.13125724;-0.2947235;0.4073944;0.09233093;0.5112310037920967;20.605469;-6.892395;-12.008667;24.825361;16.449036;5.000305;0.3330266;0.3756045;0.62061954;0.7982193;0.39768547;0.30631968;0.49634668;0.70827574;0.0;1.0;163.03125;-58.328125;-1.140625;173.15501;0.0;0;attığı;attığı yalana bak ördek kandırıyor sanki
47;23;Male;6;0;1;40;-0.4767064;8.647151;5.258621;10.131809523981536;-0.42506802;8.502498;4.8679795;9.806649;-0.051638365;0.14465332;0.3906417;0.41975233;0.009292603;0.20243835;0.023086548;0.2039623169112236;20.846558;-7.876587;-11.911011;25.268394;16.449036;5.000305;0.32978377;0.37821254;0.62275285;0.79976445;0.39490998;0.30959362;0.499012;0.7065302;0.0;1.0;162.17188;-57.515625;-1.515625;172.07574;0.0;0;attığı;attığı yalana bak ördek kandırıyor sanki
47;23;Male;6;0;1;40;-0.5495578;8.462357;4.457762;9.580456242770166;-0.45382777;8.501377;4.867342;9.80665;-0.09573001;-0.03902054;-0.40958023;0.4224249;-0.033737183;0.042648315;-0.031448364;0.06281779912883935;21.125793;-7.58667;-12.258911;25.576115;16.449036;5.000305;0.32863018;0.37925828;0.62257224;0.7996442;0.39410195;0.31067392;0.49851146;0.7068605;0.0;1.0;161.625;-57.359375;-1.796875;171.51083;0.0;0;attığı;attığı yalana bak ördek kandırıyor sanki
47;23;Male;6;0;1;40;-0.5500573;8.494663;4.859608;9.80192085412427;-0.45393765;8.505848;4.8595138;9.80665;-0.09611964;-0.011184692;9.441376E-5;0.09676824;0.021224976;-0.046203613;-0.016326904;0.053402633405849574;20.866394;-7.5515747;-12.030029;25.241915;16.484222;5.000305;0.32935938;0.3791519;0.62167275;0.7991938;0.39483824;0.3103812;0.49742386;0.7073442;0.0;1.0;161.625;-57.359375;-1.96875;171.51273;0.0;0;attığı;attığı yalana bak ördek kandırıyor sanki
47;23;Male;6;0;1;40;-0.38008133;8.490223;4.8481665;9.784327611995922;-0.44534665;8.49564;4.878131;9.80665;0.06526533;-0.00541687;-0.029964447;0.07201926;-0.045028687;-0.015945435;0.004547119;0.04798453752495021;20.474243;-8.294678;-11.8637085;25.074766;16.484222;5.000305;0.3290959;0.37812755;0.62206787;0.79890734;0.3943918;0.30941823;0.49772856;0.7078006;0.0;1.0;161.73438;-57.359375;-1.953125;171.61562;0.0;0;attığı;attığı yalana bak ördek kandırıyor sanki
47;23;Male;6;0;1;40;-0.43798503;8.49182;4.9016647;9.814741699613405;-0.43839428;8.489268;4.8898377;9.80665;4.092455E-4;0.0025520325;0.011826992;0.012106118;-0.02798462;0.021347046;0.028625488;0.045367983123659576;21.195984;-6.9641113;-11.755371;25.218195;16.484222;5.000305;0.32860452;0.37776542;0.622943;0.79921556;0.39377418;0.30924025;0.4988182;0.70745516;0.0;1.0;161.78125;-57.265625;-1.90625;171.62796;0.0;0;attığı;attığı yalana bak ördek kandırıyor sanki
47;23;Male;7;0;1;40;-0.49022877;8.483308;4.8342605;9.776344585358064;-0.43439698;8.493632;4.8826118;9.80665;-0.05583179;-0.010324478;-0.048351288;0.07457634;0.012710571;0.023895264;0.028625488;0.039394933938437834;20.602417;-7.5027466;-11.593628;24.80248;16.484222;5.000305;0.32866234;0.3782026;0.62337935;0.7997862;0.39392114;0.30964854;0.49937117;0.70680434;0.0;1.0;161.6875;-57.1875;-1.890625;171.51335;0.0;0;attığı;attığı yalana bak ördek kandırıyor sanki
47;23;Male;8;0;1;40;-0.4244484;8.491866;4.9848456;9.85599463585781;-0.44068143;8.48092;4.9041004;9.806651;0.016233027;0.010946274;0.08074522;0.08308503;-0.040771484;0.04093933;0.004760742;0.057974195232031636;20.48645;-7.7529907;-12.417603;25.179363;16.484222;5.000305;0.32734072;0.3779002;0.6243053;0.7998235;0.3924569;0.30973873;0.50053966;0.70675284;0.0;1.0;161.53125;-57.234375;-1.859375;171.38138;0.0;0;attığı ;attığı yalana bak ördek kandırıyor sanki
47;23;Male;8;0;1;40;-0.39402625;8.502401;4.9930854;9.867977566967976;-0.44563487;8.477403;4.909729;9.80665;0.051608622;0.024998665;0.08335638;0.101176426;-0.0054016113;0.066085815;0.014785767;0.0679347573384111;21.09375;-7.3776245;-12.113953;25.418959;16.484222;5.000305;0.32637146;0.37835854;0.62530214;0.80042255;0.3916287;0.31032312;0.5015827;0.7062162;0.0;1.0;161.5;-57.125;-1.859375;171.31541;0.0;0;attığı ;attığı yalana bak ördek kandırıyor sanki
47;23;Male;8;0;1;40;-0.44832662;8.455304;4.8796625;9.772628541212589;-0.46320283;8.492623;4.881719;9.80665;0.014876217;-0.037319183;-0.0020565987;0.040227514;0.061706543;0.14427185;0.038848877;0.16165178438728872;21.365356;-7.83844;-11.750793;25.61251;16.484222;5.000305;0.3254031;0.38107014;0.62651795;0.80226326;0.3912223;0.31312412;0.5031603;0.7040796;0.0;1.0;161.34375;-57.0625;-1.953125;171.14832;0.0;0;attığı ;attığı yalana bak ördek kandırıyor sanki
47;23;Male;8;0;1;40;-0.4115574;8.4299755;4.946343;9.782646650970483;-0.45882803;8.501829;4.866082;9.80665;0.047270626;-0.07185364;0.08026075;0.117640324;0.0448761;0.21777344;0.12513733;0.25514405123414596;21.029663;-7.5561523;-10.955811;24.887184;16.920273;5.000305;0.3237104;0.38354975;0.62995744;0.8054472;0.38987693;0.31606144;0.50767726;0.70026064;0.0;1.0;161.07812;-57.25;-2.0625;170.96191;0.0;0;attığı ;attığı yalana bak ördek kandırıyor sanki
47;23;Male;8;0;1;40;-0.5450221;8.4940815;4.7142773;9.729896200855688;-0.4636427;8.500488;4.8679695;9.80665;-0.081379384;-0.006406784;-0.15369225;0.17402573;-0.045028687;0.2944641;0.17562866;0.34580647052238567;19.833374;-8.351135;-11.398315;24.35212;16.920273;5.000305;0.32017815;0.3863788;0.6349793;0.8093215;0.38699588;0.31943205;0.5134773;0.69608796;0.0;1.0;160.48438;-57.390625;-2.125;170.45068;0.0;0;attığı ;attığı yalana bak ördek kandırıyor sanki
47;23;Male;9;0;1;40;-0.6525954;8.643957;4.8041806;9.91080342915581;-0.46384707;8.487354;4.8908134;9.80665;-0.1887483;0.15660286;-0.08663273;0.26010692;-0.06782532;0.06266785;0.04949951;0.10477468657536035;19.99054;-8.099365;-11.483765;24.435593;16.920273;5.000305;0.31861547;0.38616332;0.6366599;0.8099221;0.38557646;0.31932542;0.5149437;0.69584125;0.0;1.0;159.34375;-57.328125;-2.15625;169.35641;0.0;0;attığı y;attığı yalana bak ördek kandırıyor sanki
47;23;Male;9;0;1;40;-0.712322;8.548395;4.9555035;9.90653696536894;-0.4678441;8.468544;4.9229317;9.80665;-0.2444779;0.07985115;0.032571793;0.25924233;-0.06590271;-0.20768738;-0.11198425;0.24498507555496316;20.329285;-7.3745728;-12.617493;25.037277;16.920273;5.000305;0.31962693;0.38319573;0.6338561;0.8067056;0.3861705;0.31602636;0.5110073;0.699908;0.0;1.0;159.09375;-57.15625;-2.140625;169.06282;0.0;0;attığı y;attığı yalana bak ördek kandırıyor sanki
47;23;Male;9;0;1;40;-0.35695854;8.440065;5.029329;9.83139190520574;-0.4555341;8.4785795;4.906787;9.80665;0.09857556;-0.038514137;0.122541904;0.16191664;0.057235718;-0.20214844;-0.09536743;0.23072682096846484;21.017456;-6.8084717;-11.711121;25.004782;16.920273;5.000305;0.32273808;0.381659;0.63040704;0.80451006;0.38909495;0.31373334;0.50670135;0.7024459;0.0;1.0;159.57812;-56.96875;-2.109375;169.4552;0.0;0;attığı y;attığı yalana bak ördek kandırıyor sanki
47;23;Male;9;0;1;40;-0.3681696;8.434366;4.7605295;9.692095738110021;-0.4689738;8.470218;4.9199452;9.80665;0.10080418;-0.03585148;-0.15941572;0.19199006;-0.040771484;0.045837402;-0.011856079;0.062481580797272576;21.528625;-7.4630737;-10.5911255;25.126701;16.920273;5.000305;0.32149792;0.3818268;0.63097364;0.80453736;0.38800538;0.31401345;0.5070488;0.70267266;0.0;1.0;160.32812;-57.09375;-2.0;170.20224;0.0;0;attığı y;attığı yalana bak ördek kandırıyor sanki
47;23;Male;9;0;1;40;-0.5625997;8.493371;4.7856016;9.76503210645022;-0.45421147;8.463594;4.9327116;9.80665;-0.108388245;0.029776573;-0.14710999;0.1851378;-0.035446167;-0.06111145;0.0068969727;0.07098315510400291;20.890808;-7.449341;-12.1658325;25.296759;16.920273;5.000305;0.3220148;0.3805367;0.6307928;0.80399084;0.38819748;0.31273696;0.50689095;0.7032495;0.0;1.0;160.3125;-57.015625;-2.078125;170.16226;0.0;0;attığı y;attığı yalana bak ördek kandırıyor sanki
47;23;Male;10;0;1;40;-0.42838156;8.433195;5.2487473;9.942416048839956;-0.46672276;8.453979;4.9480104;9.80665;0.038341194;-0.020783424;0.3007369;0.3038827;-0.02458191;0.069488525;0.007965088;0.0741374941090638;21.064758;-7.1609497;-11.74469;25.158318;17.616425;5.000305;0.32045242;0.38083056;0.63185817;0.80434227;0.38671988;0.31331998;0.50802475;0.7029859;0.0;1.0;160.35938;-56.875;-1.984375;170.15825;0.0;0;attığı ya;attığı yalana bak ördek kandırıyor sanki
47;23;Male;10;0;1;40;-0.48591834;8.522247;4.7503;9.768836197426864;-0.47503582;8.46302;4.931735;9.80665;-0.010882527;0.05922699;-0.18143511;0.19116737;0.026977539;0.022613525;-0.0056762695;0.035656404177353274;20.29419;-7.609558;-11.69281;24.62684;17.616425;5.000305;0.3205785;0.38181266;0.6316012;0.80465615;0.38716584;0.3140925;0.50754803;0.70274;0.0;1.0;160.28125;-56.8125;-2.046875;170.06448;0.0;0;attığı ya;attığı yalana bak ördek kandırıyor sanki
47;23;Male;11;0;1;40;-0.47817767;8.476355;4.981177;9.84323992775959;-0.46733278;8.443425;4.965939;9.80665;-0.010844886;0.03292942;0.015237808;0.03787016;-0.07826233;-0.055358887;-0.0135650635;0.09681740346996867;20.968628;-7.774353;-11.943054;25.35272;17.616425;5.000305;0.32015637;0.3798782;0.63169515;0.8036456;0.38647082;0.31216642;0.50718653;0.7042402;0.0;1.0;160.21875;-56.875;-2.125;170.02744;0.0;0;attığı yal;attığı yalana bak ördek kandırıyor sanki
47;23;Male;11;0;1;40;-0.48892897;8.477522;5.2789164;9.998719375818997;-0.44882718;8.460703;4.938162;9.80665;-0.040101796;0.016819;0.3407545;0.34351808;0.086639404;-0.10501099;-0.015686035;0.1370392135130545;20.95337;-6.67572;-12.17041;25.134195;17.616425;5.000305;0.32270095;0.37958908;0.6299191;0.80313253;0.38888645;0.31143403;0.50537413;0.7045376;0.0;1.0;160.3125;-56.671875;-2.0625;170.04721;0.0;0;attığı yal;attığı yalana bak ördek kandırıyor sanki
47;23;Male;11;0;1;40;-0.4681509;8.421728;4.541047;9.579445475984704;-0.4599966;8.466229;4.927651;9.80665;-0.008154303;-0.044501305;-0.38660383;0.38924205;0.0058898926;0.05606079;0.0073242188;0.05684318069297238;20.991516;-6.0043335;-12.284851;25.052212;17.616425;5.000305;0.3221918;0.38072583;0.63027376;0.8037442;0.38887447;0.31230813;0.50526583;0.70423484;0.0;1.0;160.54688;-56.890625;-1.9375;170.33965;0.0;0;attığı yal;attığı yalana bak ördek kandırıyor sanki
47;23;Male;11;0;1;40;-0.5040034;8.494165;4.999029;9.868898085261472;-0.4617807;8.465587;4.9285893;9.80665;-0.04222271;0.028578758;0.070439816;0.08695556;-7.171631E-4;0.014099121;0.0062561035;0.015441449636849345;20.974731;-6.4331055;-12.120056;25.064316;17.616425;5.000305;0.32195386;0.3808643;0.6304897;0.8038838;0.38896254;0.3121218;0.5048479;0.70456845;0.0;1.0;160.46875;-56.9375;-2.0;170.28241;0.0;0;attığı yal;attığı yalana bak ördek kandırıyor sanki
47;23;Male;12;0;1;40;-0.4513454;8.483516;4.8637156;9.78925358901487;-0.4600039;8.468061;4.9245014;9.80665;0.0086584985;0.015454292;-0.06078577;0.06331441;0.0063171387;0.0079193115;0.008377075;0.013145231893910998;20.309448;-7.571411;-12.072754;24.810307;16.990646;5.000305;0.32205105;0.38105568;0.6305949;0.8040959;0.38932288;0.3120064;0.5044909;0.7046763;0.0;1.0;160.40625;-56.921875;-2.015625;170.21846;0.0;0;attığı yaln;attığı yalana bak ördek kandırıyor sanki
47;23;Male;12;0;1;40;-0.4575668;8.468843;4.857426;9.773702291383099;-0.443921;8.460374;4.939169;9.80665;-0.013645798;0.008469582;-0.08174276;0.08330559;-0.03416443;-0.07836914;-0.006729126;0.0857566995533782;20.265198;-8.030701;-11.157227;24.487837;16.990646;5.000305;0.32275206;0.379478;0.6301513;0.8032827;0.389844;0.3101518;0.5035336;0.70589054;0.0;1.0;160.34375;-56.921875;-2.03125;170.15976;0.0;0;attığı yaln;attığı yalana bak ördek kandırıyor sanki
47;23;Male;13;0;1;40;-0.465139;8.439916;5.2304482;9.94012699864847;-0.46498784;8.446065;4.96167;9.80665;-1.5115738E-4;-0.006149292;0.26877832;0.2688487;-0.046524048;0.07588196;-0.0058898926;0.08920341770687622;21.281433;-7.7301025;-10.777283;25.075958;16.990646;5.000305;0.32066038;0.37973958;0.6312104;0.80340016;0.38764676;0.31105503;0.5050464;0.7056223;0.0;1.0;160.46875;-56.84375;-1.90625;170.25;0.0;0;attığı yalna;attığı yalana bak ördek kandırıyor sanki
47;23;Male;13;0;1;40;-0.4603764;8.507032;4.8502746;9.803402652860186;-0.47600338;8.44962;4.954565;9.806649;0.015626967;0.057412148;-0.104290485;0.12007024;0.009506226;0.035186768;-0.0063171387;0.036991664147533805;20.658875;-7.4417114;-10.992432;24.556093;16.990646;5.000305;0.32027733;0.380539;0.6312662;0.8036694;0.3872032;0.3121877;0.5056708;0.70491815;0.0;1.0;160.40625;-56.703125;-2.03125;170.14563;0.0;0;attığı yalna;attığı yalana bak ördek kandırıyor sanki
47;23;Male;13;0;1;40;-0.5326723;8.461246;4.9602413;9.822444573828298;-0.47642645;8.445528;4.9614987;9.80665;-0.056245834;0.015717506;-0.0012574196;0.05841417;-0.01499939;-0.03427124;-0.018249512;0.041623842683585134;20.658875;-7.4417114;-10.992432;24.556093;16.990646;5.000305;0.32038665;0.37998205;0.63083845;0.8031134;0.38710392;0.31174436;0.50533384;0.7054103;0.0;1.0;160.375;-56.71875;-2.09375;170.12213;0.0;0;attığı yalna;attığı yalana bak ördek kandırıyor sanki
47;23;Male;13;0;1;40;-0.5072324;8.466021;4.976248;9.833302621070642;-0.45895022;8.443657;4.9663277;9.80665;-0.048282206;0.022363663;0.00992012;0.05412683;-0.003692627;-0.14378357;-0.040618896;0.1494564993848205;21.212769;-7.684326;-11.854553;25.486483;16.990646;5.000305;0.32217392;0.37814245;0.6290993;0.80159444;0.388516;0.30958533;0.503215;0.70709753;0.0;1.0;160.42188;-56.671875;-2.109375;170.1509;0.0;0;attığı yalna;attığı yalana bak ördek kandırıyor sanki
47;23;Male;13;0;1;40;-0.45227015;8.452438;4.907904;9.784466163549295;-0.46357068;8.431784;4.986031;9.80665;0.011300534;0.020654678;-0.07812691;0.08159737;-0.057174683;-0.07539368;-0.057662964;0.11080689860003386;21.212769;-7.684326;-11.854553;25.486483;16.990646;5.000305;0.32220018;0.37678933;0.6280612;0.8001525;0.38829836;0.30823293;0.5017924;0.7088168;0.0;1.0;160.73438;-56.671875;-1.984375;170.44406;0.0;0;attığı yalna;attığı yalana bak ördek kandırıyor sanki
47;23;Male;13;0;1;40;-0.48350164;8.428584;4.9626865;9.793010741249136;-0.4816252;8.42125;5.0020967;9.80665;-0.0018764436;0.0073337555;-0.039410114;0.040130563;-0.04588318;0.010253906;-0.036346436;0.05942619123813449;20.930481;-6.9107056;-12.004089;25.098627;17.250748;5.000305;0.32110658;0.3766359;0.6279652;0.7995651;0.38722944;0.30824897;0.50147057;0.7096219;0.0;1.0;161.01562;-56.53125;-1.96875;170.66249;0.0;0;attığı yalna;attığı yalana bak ördek kandırıyor sanki
47;23;Male;14;1;1;40;-0.4790717;8.422224;5.052449;9.833138242571284;-0.48432258;8.421868;5.0007935;9.806649;0.005250871;3.5572052E-4;0.05165577;0.05192318;0.011642456;-0.0042266846;-0.010360718;0.016147944819553266;20.930481;-6.9107056;-12.004089;25.098627;17.250748;5.000305;0.32114965;0.37668738;0.6277491;0.7994369;0.38729522;0.30827406;0.5011943;0.7097702;0.0;1.0;161.15625;-56.375;-2.0625;170.74463;0.0;0;attığı yaln;attığı yalana bak ördek kandırıyor sanki
47;23;Male;14;1;1;40;-0.43578348;8.414844;4.901949;9.748261936590437;-0.48839134;8.422042;5.0001063;9.80665;0.052607864;-0.0071983337;-0.098157406;0.111598745;-0.014572144;0.024536133;-0.0058898926;0.029138634803126243;20.437622;-7.121277;-12.164307;24.826988;17.250748;5.000305;0.3208592;0.3769813;0.62794554;0.7996131;0.3871973;0.30845383;0.5011309;0.70979035;0.0;1.0;161.17188;-56.375;-2.109375;170.75996;0.0;0;attığı yaln;attığı yalana bak ördek kandırıyor sanki
47;23;Male;14;1;1;40;-0.5385392;8.423367;5.0902658;9.856669924537156;-0.50156164;8.4056225;5.026364;9.80665;-0.03697753;0.017744064;0.0639019;0.07593183;-0.05781555;0.060333252;0.012008667;0.08442124852082497;20.437622;-7.121277;-12.164307;24.826988;17.250748;5.000305;0.31893507;0.37683842;0.6291665;0.7997357;0.38534856;0.30859885;0.5022062;0.7099734;0.0;1.0;161.1875;-56.390625;-2.125;170.78006;0.0;0;attığı yaln;attığı yalana bak ördek kandırıyor sanki
47;23;Male;15;2;1;40;-0.56095904;8.388489;4.90319;9.73255849834866;-0.5195078;8.403082;5.028788;9.80665;-0.041451216;-0.014593124;-0.12559795;0.13306393;-0.027557373;0.04626465;-0.0052490234;0.05410525753508042;21.154785;-6.614685;-12.3046875;25.35122;17.250748;5.000305;0.31788096;0.3775644;0.6294788;0.7999042;0.3845766;0.30936062;0.50227326;0.710013;0.0;1.0;161.04688;-56.1875;-2.21875;170.58151;0.0;0;attığı yal;attığı yalana bak ördek kandırıyor sanki
47;23;Male;15;2;1;40;-0.4666363;8.419878;5.190426;9.90215214147095;-0.5148499;8.392238;5.047342;9.80665;0.0482136;0.027640343;0.14308405;0.15349783;-0.02330017;-0.0076293945;-0.0050354004;0.02502919974058001;21.154785;-6.614685;-12.3046875;25.35122;17.250748;5.000305;0.3174723;0.37665433;0.6298231;0.79958385;0.38403508;0.3085032;0.5024495;0.71055424;0.0;1.0;160.98438;-56.15625;-2.3125;170.51346;0.0;0;attığı yal;attığı yalana bak ördek kandırıyor sanki
47;23;Male;15;2;1;40;-0.5342585;8.381043;5.0294;9.788880338050477;-0.5223198;8.393946;5.0437326;9.80665;-0.011938691;-0.01290226;-0.014332771;0.022681028;0.0065307617;0.015579224;-0.0056762695;0.017820861490427255;21.133423;-7.797241;-11.590576;25.332983;17.250748;5.000305;0.31724855;0.3770869;0.6297698;0.79965687;0.3841784;0.30862302;0.5017725;0.71090305;0.0;1.0;161.0;-56.015625;-2.296875;170.48175;0.0;0;attığı yal;attığı yalana bak ördek kandırıyor sanki
47;23;Male;15;2;1;40;-0.5472608;8.402582;4.991437;9.78863228315936;-0.51837707;8.399957;5.034123;9.80665;-0.028883755;0.0026254654;-0.042685986;0.05160676;0.016540527;-0.01361084;0.007751465;0.02278001774778839;21.133423;-7.797241;-11.590576;25.332983;17.21556;5.000305;0.317795;0.3772764;0.62951297;0.799761;0.3846402;0.3088415;0.5018026;0.7105371;0.0;1.0;161.0;-56.046875;-2.328125;170.49245;0.0;0;attığı yal;attığı yalana bak ördek kandırıyor sanki
47;23;Male;15;2;1;40;-0.53539795;8.409554;4.9737687;9.784969316501709;-0.5165157;8.402486;5.030092;9.80665;-0.018882275;0.0070676804;-0.05632305;0.05982289;-7.171631E-4;0.008560181;0.013931274;0.016366777841952847;21.343994;-7.3425293;-12.013245;25.569452;17.21556;5.000305;0.3178608;0.37749335;0.62967986;0.80002093;0.38478288;0.30899647;0.5019498;0.7102885;0.0;1.0;161.0;-56.09375;-2.296875;170.50743;0.0;0;attığı yal;attığı yalana bak ördek kandırıyor sanki
47;23;Male;16;2;1;40;-0.46376044;8.46308;5.2375374;9.963462994787893;-0.489612;8.415129;5.011615;9.80665;0.025851578;0.0479517;0.22592258;0.23239769;0.08088684;-0.08241272;0.007751465;0.11573513948939719;21.343994;-7.3425293;-12.013245;25.569452;17.21556;5.000305;0.32007724;0.3768678;0.628708;0.7998453;0.3866615;0.30817473;0.5013552;0.7100452;0.0;1.0;160.95312;-56.09375;-2.296875;170.46318;0.0;0;attığı yala;attığı yalana bak ördek kandırıyor sanki
47;23;Male;16;2;1;40;-0.47837353;8.422562;4.8998966;9.755889429915666;-0.5029484;8.426502;4.991142;9.806651;0.024574876;-0.0039405823;-0.091245174;0.09457872;0.030181885;0.075668335;0.008392334;0.08189672993345343;20.758057;-7.2799683;-12.0147705;25.064905;17.21556;5.000305;0.31969345;0.37857455;0.6290655;0.8007784;0.38652351;0.31003577;0.50215167;0.7087462;0.0;1.0;161.07812;-56.296875;-2.125;170.64587;0.0;0;attığı yala;attığı yalana bak ördek kandırıyor sanki
47;23;Male;16;2;1;40;-0.5451348;8.459468;5.0507903;9.867636669829768;-0.51457095;8.429949;4.9841304;9.80665;-0.030563831;0.029519081;0.06665993;0.079051055;0.02229309;0.03540039;-7.7819824E-4;0.041842264116571645;20.758057;-7.2799683;-12.0147705;25.064905;17.21556;5.000305;0.31926736;0.37940532;0.6291488;0.80106694;0.38628694;0.31090584;0.5022579;0.7084186;0.0;0.99999994;160.9375;-56.40625;-2.203125;170.55028;0.0;0;attığı yala;attığı yalana bak ördek kandırıyor sanki
47;23;Male;16;2;1;40;-0.54334515;8.399497;4.784129;9.681666390331705;-0.52169746;8.447126;4.9542174;9.80665;-0.021647692;-0.047629356;-0.17008829;0.17795283;0.06489563;0.03390503;0.004135132;0.07333548369687912;21.051025;-7.50885;-10.917664;24.87416;17.21556;5.000305;0.31978622;0.38097507;0.62882125;0.80176145;0.38731584;0.31207633;0.50162196;0.7077925;0.0;1.0;160.875;-56.4375;-2.28125;170.50267;0.0;0;attığı yala;attığı yalana bak ördek kandırıyor sanki
47;23;Male;17;2;1;40;-0.52751225;8.463094;4.9354296;9.811253465449367;-0.5059289;8.4345255;4.977268;9.80665;-0.021583378;0.028568268;-0.041838646;0.05506778;-0.053985596;-0.040664673;0.0143585205;0.06909578363851926;21.051025;-7.50885;-10.917664;24.87416;16.95546;5.000305;0.31976804;0.3794448;0.62920207;0.80132717;0.3868139;0.31081337;0.5023133;0.7081323;0.0;1.0;160.82812;-56.625;-2.328125;170.52126;0.0;0;attığı yalan;attığı yalana bak ördek kandırıyor sanki
47;23;Male;17;2;1;40;-0.50245327;8.473337;4.979814;9.84116083999742;-0.5108653;8.434168;4.9773707;9.80665;0.0084120035;0.03916931;0.0024433136;0.040136848;-0.0032653809;-0.0040130615;-0.016326904;0.017127030368691565;20.820618;-6.97937;-11.877441;24.965643;16.95546;5.000305;0.31970656;0.37948975;0.62894547;0.8011224;0.38697654;0.31060246;0.50152;0.7086981;0.0;1.0;160.82812;-56.546875;-2.25;170.49428;0.0;0;attığı yalan;attığı yalana bak ördek kandırıyor sanki
47;23;Male;18;2;1;40;-0.45902076;8.401113;4.976007;9.774970350897693;-0.49619824;8.432141;4.9822874;9.806651;0.037177473;-0.031028748;-0.006280422;0.04883023;-0.0073242188;-0.037246704;0.0051879883;0.038312874631053546;20.820618;-6.97937;-11.877441;24.965643;16.95546;5.000305;0.320309;0.3786505;0.62887;0.8009067;0.387442;0.30961713;0.501307;0.7090255;0.0;0.99999994;160.85938;-56.515625;-2.28125;170.51381;0.0;0;attığı yalana;attığı yalana bak ördek kandırıyor sanki
47;23;Male;18;2;1;40;-0.55310184;8.449495;5.055363;9.861875200092799;-0.5009073;8.433617;4.9793158;9.80665;-0.052194536;0.015878677;0.07604742;0.0935928;0.015258789;0.03816223;0.022018433;0.046626149659766136;20.780945;-7.3135376;-12.2543335;25.209208;16.95546;5.000305;0.31984344;0.37924358;0.62937075;0.80139446;0.38698393;0.31043357;0.5021891;0.70829415;0.0;1.0;160.96875;-56.5;-2.1875;170.61058;0.0;0;attığı yalana;attığı yalana bak ördek kandırıyor sanki
47;23;Male;19;2;1;40;-0.48782045;8.457471;4.7995644;9.73666282342295;-0.5017166;8.446916;4.9566402;9.80665;0.013896167;0.010555267;-0.15707588;0.15804224;0.028045654;-0.005508423;-0.007385254;0.029520220339271878;20.780945;-7.3135376;-12.2543335;25.209208;16.95546;5.000305;0.32068682;0.38005477;0.6287404;0.80162096;0.38818684;0.31079358;0.5011304;0.7082278;0.0;1.0;160.82812;-56.5;-2.203125;170.47812;0.0;0;attığı yalana;attığı yalana bak ördek kandırıyor sanki
47;23;Male;20;2;1;40;-0.4723385;8.45384;5.0149217;9.840729346004448;-0.49810043;8.439568;4.9695053;9.80665;0.025761932;0.01427269;0.045416355;0.054129772;-0.024368286;-0.0014648438;0.0017852783;0.024477466138157464;20.349121;-6.9610596;-11.903381;24.581163;16.95546;5.000305;0.32036018;0.37946683;0.6290828;0.8014804;0.38768905;0.3103594;0.501575;0.70837617;0.0;1.0;160.84375;-56.65625;-2.234375;170.5451;0.0;0;attığı yalana ;attığı yalana bak ördek kandırıyor sanki
47;23;Male;20;2;1;40;-0.5281775;8.445449;5.035582;9.846911513862164;-0.4895663;8.442763;4.964922;9.80665;-0.038611233;0.0026855469;0.070660114;0.08056606;0.023361206;-0.026809692;0.012435913;0.03767170639953636;20.349121;-6.9610596;-11.903381;24.581163;16.95546;5.000305;0.32097608;0.37925425;0.62886953;0.80145884;0.38830912;0.3099604;0.50123;0.7084554;0.0;0.99999994;160.85938;-56.53125;-2.203125;170.51796;0.0;0;attığı yalana ;attığı yalana bak ördek kandırıyor sanki
47;23;Male;20;2;1;40;-0.48493034;8.437415;4.8268466;9.732603835398267;-0.48535594;8.457488;4.9402156;9.806651;4.2560697E-4;-0.020072937;-0.11336899;0.11513311;0.04232788;-0.0010375977;0.01008606;0.04352533331986149;21.568298;-7.0480347;-11.720276;25.538816;16.885086;5.000305;0.3219447;0.38009307;0.62846303;0.8019257;0.38934276;0.31069496;0.5011325;0.70763487;0.0;1.0;160.82812;-56.578125;-2.171875;170.50363;0.0;0;attığı yalana ;attığı yalana bak ördek kandırıyor sanki
47;23;Male;21;2;1;40;-0.4637749;8.484265;4.9347053;9.825943015606345;-0.48776862;8.442928;4.9648194;9.80665;0.02399373;0.041337013;-0.030114174;0.05649169;-0.0667572;-0.0048675537;-0.013977051;0.06837817477469683;21.568298;-7.0480347;-11.720276;25.538816;16.885086;5.000305;0.32109535;0.37916017;0.62881213;0.8014171;0.38832888;0.30994412;0.50134367;0.7083713;0.0;1.0;160.84375;-56.734375;-2.09375;170.56929;0.0;0;attığı yalana b;attığı yalana bak ördek kandırıyor sanki
47;23;Male;21;2;1;40;-0.5021224;8.4350195;4.757889;9.697380502294575;-0.48895848;8.436431;4.975735;9.80665;-0.013163924;-0.001411438;-0.2178464;0.21824832;-0.058883667;-0.035125732;-0.019515991;0.07128798771612783;20.568848;-7.699585;-11.865234;24.96287;16.885086;5.000305;0.321031;0.37848014;0.62846285;0.8007957;0.38840342;0.3089513;0.5002226;0.7095556;0.0;1.0;160.85938;-56.59375;-2.125;170.53769;0.0;0;attığı yalana b;attığı yalana bak ördek kandırıyor sanki
47;23;Male;22;2;1;40;-0.44739643;8.433399;5.400493;10.024355685121451;-0.497286;8.419805;5.0029974;9.80665;0.049889565;0.013594627;0.39749575;0.40084493;-0.060791016;0.094192505;0.033950806;0.11713425140639656;20.568848;-7.699585;-11.865234;24.96287;16.885086;5.000305;0.31885603;0.37848246;0.63039225;0.80144405;0.38618657;0.30948028;0.5024756;0.70894295;0.0;1.0;160.90625;-56.421875;-2.171875;170.52556;0.0;0;attığı yalana ba;attığı yalana bak ördek kandırıyor sanki
47;23;Male;23;2;1;40;-0.5546291;8.47826;4.9310374;9.823626413212464;-0.4923202;8.44115;4.9673934;9.80665;-0.062308878;0.03711033;-0.036355972;0.08112539;0.083862305;-0.009979248;0.007965088;0.08482873462103671;21.072388;-7.3806763;-12.561035;25.618343;16.885086;5.000305;0.32032898;0.37963507;0.6296116;0.80196273;0.3879536;0.3102022;0.5016196;0.7082686;0.0;1.0;160.71875;-56.203125;-2.203125;170.27672;0.0;0;attığı yalana bak;attığı yalana bak ördek kandırıyor sanki
47;23;Male;23;2;1;40;-0.46321902;8.45181;4.893388;9.777162689407072;-0.5000899;8.448202;4.9546127;9.80665;0.036870867;0.00360775;-0.061224937;0.07156095;0.028900146;-6.1035156E-4;-0.019943237;0.035118708260502396;21.072388;-7.3806763;-12.561035;25.618343;16.885086;5.000305;0.32061765;0.38024917;0.6290314;0.80191374;0.38849038;0.31058058;0.50073135;0.708437;0.0;1.0;160.73438;-56.4375;-2.171875;170.36856;0.0;0;attığı yalana bak;attığı yalana bak ördek kandırıyor sanki
47;23;Male;23;2;1;40;-0.4876366;8.435253;4.9423437;9.788669157582058;-0.4958283;8.451093;4.9501085;9.80665;0.008191705;-0.015839577;-0.0077648163;0.019449642;0.012069702;-0.02255249;-0.003326416;0.025794525678406264;20.652771;-7.2006226;-12.261963;25.07472;16.885086;5.000305;0.32112187;0.3801256;0.6286892;0.80178857;0.38891813;0.31041485;0.5004607;0.70846623;0.0;1.0;160.78125;-56.515625;-2.1875;170.43887;0.0;0;attığı yalana bak;attığı yalana bak ördek kandırıyor sanki
47;23;Male;23;2;1;40;-0.50680315;8.446607;4.8984833;9.777379909038913;-0.49450874;8.452229;4.9483027;9.806651;-0.012294441;-0.00562191;-0.04981947;0.05162111;0.003326416;-0.0023040771;0.0022125244;0.004611841162528885;20.652771;-7.2006226;-12.261963;25.07472;16.920273;5.000305;0.32122827;0.3801568;0.628675;0.80183476;0.38915712;0.31026363;0.5001654;0.70860976;0.0;1.0;160.8125;-56.53125;-2.203125;170.47374;0.0;0;attığı yalana bak;attığı yalana bak ördek kandırıyor sanki
47;23;Male;23;2;1;40;-0.5184005;8.470358;4.883411;9.790985993324943;-0.5030271;8.45049;4.9504104;9.80665;-0.015373409;0.019867897;-0.066999435;0.07155417;-0.019256592;0.025390625;-0.0018463135;0.03192035474247383;20.436096;-7.461548;-12.440491;25.061415;16.920273;5.000305;0.32065982;0.38049516;0.6288961;0.80194116;0.38846427;0.31095788;0.50086874;0.70818865;0.0;1.0;160.84375;-56.578125;-2.171875;170.51836;0.0;0;attığı yalana bak;attığı yalana bak ördek kandırıyor sanki
47;23;Male;23;2;1;40;-0.48995772;8.4671335;4.9924483;9.841592772635064;-0.49226397;8.442307;4.96543;9.806649;0.0023062527;0.02482605;0.027018547;0.036764838;-0.030761719;-0.049179077;-0.004180908;0.05815793120556606;20.436096;-7.461548;-12.440491;25.061415;16.920273;5.000305;0.32091606;0.3792709;0.6287561;0.80135375;0.38861313;0.30953735;0.5002684;0.709153;0.0;1.0;160.79688;-56.53125;-2.21875;170.4592;0.0;0;attığı yalana bak;attığı yalana bak ördek kandırıyor sanki
47;23;Male;23;2;1;40;-0.4692893;8.429647;5.016717;9.820724537924503;-0.48067006;8.440484;4.969665;9.80665;0.011380762;-0.010836601;0.047051907;0.049606808;7.7819824E-4;-0.037887573;0.0026397705;0.037987394864925104;21.539307;-6.9747925;-11.38916;25.343687;16.920273;5.000305;0.32145852;0.3785261;0.62857914;0.8010801;0.3890946;0.30858225;0.4998067;0.70963067;0.0;1.0;160.85938;-56.421875;-2.171875;170.48132;0.0;0;attığı yalana bak;attığı yalana bak ördek kandırıyor sanki
47;23;Male;23;2;1;40;-0.47457707;8.490785;4.8765903;9.803049845106822;-0.48341212;8.444388;4.962761;9.80665;0.0088350475;0.046396255;-0.08617067;0.09826523;-0.0024261475;0.011108398;-0.0018463135;0.011519182755666416;21.539307;-6.9747925;-11.38916;25.343687;16.920273;5.000305;0.3216029;0.37886828;0.6283885;0.80115026;0.38918793;0.30903456;0.49990198;0.7093155;0.0;1.0;160.9375;-56.4375;-2.078125;170.55905;0.0;0;attığı yalana bak;attığı yalana bak ördek kandırıyor sanki
47;23;Male;25;2;1;40;-0.48631492;8.447469;5.0469246;9.852293267329225;-0.4684332;8.430726;4.9873657;9.80665;-0.017881721;0.016742706;0.05955887;0.064399794;-0.044387817;-0.11012268;-0.025909424;0.1215260515297838;20.570374;-7.862854;-12.600708;25.372082;16.920273;5.000305;0.322257;0.37665036;0.6275788;0.7997314;0.38935062;0.3067918;0.49884853;0.7109395;0.0;1.0;160.89062;-56.4375;-2.125;170.5154;0.0;0;attığı yalana bak ;attığı yalana bak ördek kandırıyor sanki
47;23;Male;25;2;1;40;-0.4381288;8.437478;5.1099114;9.873914439659856;-0.44944888;8.43602;4.9801555;9.80665;0.011320084;0.001458168;0.12975597;0.130257;0.044021606;-0.111816406;-0.024002075;0.12254350268325813;20.570374;-7.862854;-12.600708;25.372082;16.885086;5.000305;0.32417944;0.3754869;0.62610924;0.7988088;0.39096785;0.30533075;0.49726698;0.7117885;0.0;1.0;161.0625;-56.296875;-2.015625;170.6298;0.0;0;attığı yalana bak ;attığı yalana bak ördek kandırıyor sanki
47;23;Male;25;2;1;40;-0.4457097;8.4165535;4.828808;9.71362016222069;-0.45209265;8.448718;4.958341;9.806649;0.006382942;-0.032164574;-0.12953329;0.13361952;0.03401184;0.0010986328;-0.0061035156;0.034572607030628734;20.100403;-7.9345703;-12.445068;24.937187;16.885086;5.000305;0.32488003;0.37636146;0.62555754;0.79907274;0.3919253;0.30592403;0.4965607;0.7115002;0.0;1.0;161.34375;-56.359375;-1.90625;170.91464;0.0;0;attığı yalana bak ;attığı yalana bak ördek kandırıyor sanki
47;23;Male;25;2;1;40;-0.4677662;8.45374;4.9283977;9.796613144083404;-0.44080615;8.44849;4.9597473;9.80665;-0.026960045;0.005249977;-0.03134966;0.041679822;-0.0056152344;-0.064315796;-0.0050354004;0.06475652654110532;20.100403;-7.9345703;-12.445068;24.937187;16.885086;5.000305;0.32575035;0.37551296;0.6249196;0.7985285;0.39267865;0.3048389;0.49564296;0.71219015;0.0;1.0;161.40625;-56.5;-1.875;171.01971;0.0;0;attığı yalana bak ;attığı yalana bak ördek kandırıyor sanki
47;23;Male;26;2;1;40;-0.47877923;8.435721;4.9618106;9.798478594720343;-0.4284139;8.451001;4.9565544;9.80665;-0.05036533;-0.01527977;0.005256176;0.052893907;0.012496948;-0.055999756;0.007537842;0.057870246615952865;20.700073;-7.6904297;-12.0651245;25.163525;16.885086;5.000305;0.32669586;0.37490782;0.6243971;0.79822165;0.3935184;0.30402195;0.49498016;0.71253675;0.0;1.0;161.5;-56.46875;-1.828125;171.09737;0.0;0;attığı yalana bak ö;attığı yalana bak ördek kandırıyor sanki
47;23;Male;26;2;1;40;-0.39036533;8.476244;5.05438;9.876530495209439;-0.4002588;8.450963;4.958973;9.80665;0.009893477;0.025280952;0.09540701;0.09919428;0.013977051;-0.13674927;-0.016113281;0.13840288517503696;20.700073;-7.6904297;-12.0651245;25.163525;16.885086;5.000305;0.3287298;0.37296048;0.62304014;0.7970833;0.39497933;0.30191734;0.4937206;0.71349645;0.0;1.0;161.57812;-56.515625;-1.703125;171.1853;0.0;0;attığı yalana bak ö;attığı yalana bak ördek kandırıyor sanki
47;23;Male;26;2;1;40;-0.37317744;8.437189;4.9432693;9.78577186509927;-0.3834852;8.463236;4.939329;9.80665;0.010307759;-0.026046753;0.0039401054;0.028287942;0.05255127;-0.060684204;0.0022125244;0.08030631269051712;20.141602;-7.3516846;-12.995911;25.072397;16.885086;5.000305;0.3304655;0.37276918;0.6221297;0.7970004;0.3965136;0.3015647;0.4931164;0.7132124;0.0;1.0;161.84375;-56.5625;-1.515625;171.44974;0.0;0;attığı yalana bak ö;attığı yalana bak ördek kandırıyor sanki
47;23;Male;26;2;1;40;-0.3433627;8.511735;4.936219;9.845495856986448;-0.38471782;8.470602;4.926591;9.806651;0.041355133;0.041132927;0.009628296;0.059117414;0.0284729;-0.009338379;-0.017608643;0.03475594431257896;20.141602;-7.3516846;-12.995911;25.072397;16.885086;5.000305;0.3310357;0.37313423;0.62157357;0.79697394;0.3972786;0.30163473;0.49224547;0.7133587;0.0;1.0;161.92188;-56.6875;-1.421875;171.56395;0.0;0;attığı yalana bak ö;attığı yalana bak ördek kandırıyor sanki
47;23;Male;26;2;1;40;-0.38655305;8.438138;4.930222;9.780525810854563;-0.38966057;8.47271;4.922575;9.80665;0.003107518;-0.034571648;0.0076470375;0.03554339;0.012924194;0.023254395;0.0013580322;0.026639180333146474;20.256042;-7.244873;-12.620544;24.941404;16.814697;5.000305;0.33082327;0.37359676;0.6217079;0.7972072;0.39709136;0.30222008;0.4925993;0.7129708;0.0;1.0;162.0;-56.78125;-1.4375;171.6688;0.0;0;attığı yalana bak ö;attığı yalana bak ördek kandırıyor sanki
47;23;Male;27;2;1;40;-0.32298753;8.505364;5.074034;9.909155299529194;-0.3968425;8.477595;4.913583;9.806651;0.07385498;0.027769089;0.16045141;0.1788025;0.04147339;0.073532104;0.00881958;0.08488107791572463;20.256042;-7.244873;-12.620544;24.941404;16.814697;5.000305;0.33027926;0.3746901;0.6223911;0.7980274;0.3967137;0.303472;0.4936126;0.71194774;0.0;1.0;161.96875;-56.796875;-1.46875;171.64474;0.0;0;attığı yalana bak ör;attığı yalana bak ördek kandırıyor sanki
47;23;Male;27;2;1;40;-0.39007968;8.517961;4.6422734;9.708682921726172;-0.41641337;8.489944;4.890586;9.80665;0.02633369;0.02801609;-0.24831247;0.25127167;0.04423523;0.08760071;0.0037078857;0.09820584698489833;20.892334;-7.675171;-11.946106;25.260786;16.814697;5.000305;0.32971382;0.37674704;0.6227063;0.79900736;0.3965314;0.30563435;0.49423635;0.71069044;0.0;0.99999994;161.875;-56.921875;-1.53125;171.59825;0.0;0;attığı yalana bak ör;attığı yalana bak ördek kandırıyor sanki
47;23;Male;27;2;1;40;-0.43796912;8.493142;4.8678665;9.799051088960596;-0.42319667;8.485437;4.8978214;9.80665;-0.014772445;0.007704735;-0.02995491;0.03427659;-0.019470215;0.03199768;0.0028533936;0.03756438010356548;20.892334;-7.675171;-11.946106;25.260786;16.814697;5.000305;0.32895744;0.3769186;0.62318444;0.7991492;0.39572036;0.30608174;0.4949795;0.71043277;0.0;1.0;161.6875;-57.0625;-1.6875;171.4696;0.0;0;attığı yalana bak ör;attığı yalana bak ördek kandırıyor sanki
47;23;Male;27;2;1;40;-0.39874476;8.468982;4.7926297;9.739196729775694;-0.4221187;8.483116;4.9019322;9.80665;0.023373932;-0.014134407;-0.10930252;0.11266394;-0.011795044;-0.0035858154;-1.373291E-4;0.012328827775847952;20.799255;-7.2372437;-12.3046875;25.226812;16.814697;5.000305;0.32887653;0.37671107;0.62324864;0.79906815;0.39557573;0.3059262;0.49508;0.71051025;0.0;1.0;161.60938;-57.0;-1.75;171.37576;0.0;0;attığı yalana bak ör;attığı yalana bak ördek kandırıyor sanki
47;23;Male;27;2;1;40;-0.41216296;8.510433;4.8066854;9.782718062361713;-0.4089683;8.483419;4.9025226;9.80665;-0.00319466;0.027013779;-0.095837116;0.0996228;-0.0017852783;-0.04321289;0.0062561035;0.043699884573797934;20.799255;-7.2372437;-12.3046875;25.226812;16.814697;5.000305;0.32961425;0.3760258;0.6229819;0.7988413;0.3962069;0.30505905;0.49466655;0.7108193;0.0;1.0;161.64062;-57.0;-1.734375;171.40508;0.0;0;attığı yalana bak ör;attığı yalana bak ördek kandırıyor sanki
47;23;Male;28;2;1;40;-0.4215144;8.480569;5.020051;9.864007146984907;-0.41949517;8.466981;4.929974;9.80665;-0.0020192266;0.013587952;0.09007692;0.091118395;-0.054397583;0.05392456;0.0062561035;0.0768511160520015;20.765686;-7.2265625;-11.79657;24.951872;16.814697;5.000305;0.32782814;0.37572595;0.62414277;0.7988714;0.39433828;0.30518618;0.495949;0.7109102;0.0;1.0;161.65625;-56.96875;-1.6875;171.40895;0.0;0;attığı yalana bak öre;attığı yalana bak ördek kandırıyor sanki
47;23;Male;28;2;1;40;-0.43022665;8.4871235;4.8496413;9.78444587154981;-0.43403023;8.473026;4.918315;9.80665;0.003803581;0.014097214;-0.06867361;0.07020871;0.012283325;0.05883789;-7.7819824E-4;0.06011142125427133;20.765686;-7.2265625;-11.79657;24.951872;16.51941;5.000305;0.32727724;0.37699515;0.6243929;0.7994387;0.3940253;0.30656123;0.4963822;0.7101894;0.0;1.0;161.59375;-56.828125;-1.71875;171.30362;0.0;0;attığı yalana bak öre;attığı yalana bak ördek kandırıyor sanki
47;23;Male;29;2;1;40;-0.41292006;8.480622;4.938463;9.822416672347156;-0.427092;8.466967;4.929346;9.80665;0.014171928;0.013655663;0.009117126;0.02168969;-0.024368286;-0.029586792;-0.003967285;0.03853480211056345;20.376587;-7.8720093;-12.084961;24.964376;16.51941;5.000305;0.32737672;0.37616187;0.62434703;0.799051;0.39376646;0.3059759;0.49669108;0.7103694;0.0;1.0;161.5;-56.84375;-1.796875;171.22118;0.0;0;attığı yalana bak örek;attığı yalana bak ördek kandırıyor sanki
47;23;Male;29;2;1;40;-0.4338724;8.478249;4.9696436;9.836986778302782;-0.42892322;8.467725;4.9278855;9.80665;-0.0049491823;0.010523796;0.04175806;0.043347206;0.009506226;-0.006576538;-0.007385254;0.013717184896072371;20.376587;-7.8720093;-12.084961;24.964376;16.51941;5.000305;0.3274581;0.37619007;0.6241374;0.79893386;0.39378202;0.3060776;0.49661723;0.71036863;0.0;1.0;161.51562;-56.78125;-1.796875;171.21516;0.0;0;attığı yalana bak örek;attığı yalana bak ördek kandırıyor sanki
47;23;Male;29;2;1;40;-0.4238622;8.48681;4.872483;9.795238318998566;-0.43482712;8.478465;4.9088635;9.80665;0.01096493;0.00834465;-0.036380768;0.03890274;0.036575317;0.036895752;0.0051879883;0.05221078003532345;21.679688;-7.2647095;-11.628723;25.651747;16.51941;5.000305;0.32760832;0.37734652;0.62413216;0.79953647;0.39408898;0.30726454;0.49691242;0.709479;0.0;1.0;161.5625;-56.828125;-1.796875;171.27495;0.0;0;attığı yalana bak örek;attığı yalana bak ördek kandırıyor sanki
47;23;Male;29;2;1;40;-0.42220664;8.5044565;4.9762716;9.862419472128474;-0.43020883;8.487182;4.8941846;9.806649;0.008002192;0.017274857;0.08208704;0.08426588;0.046798706;-0.008270264;0.00390625;0.04768411621249399;21.679688;-7.2647095;-11.628723;25.651747;16.51941;5.000305;0.3283362;0.37770537;0.6238011;0.7997461;0.39466646;0.30774078;0.4971156;0.7088089;0.0;1.0;161.53125;-56.90625;-1.828125;171.27173;0.0;0;attığı yalana bak örek;attığı yalana bak ördek kandırıyor sanki
47;23;Male;31;2;1;40;-0.40921116;8.548501;5.058871;9.941654737271383;-0.43650424;8.508675;4.85616;9.806649;0.027293086;0.039826393;0.20271063;0.20838103;0.12008667;-0.020629883;-0.033798218;0.12644651013079847;20.802307;-7.409668;-11.512756;24.90347;16.51941;5.000305;0.3298094;0.3789861;0.6223034;0.79979134;0.3960538;0.30910534;0.4963545;0.7079742;0.0;0.99999994;161.48438;-56.984375;-1.84375;171.25368;0.0;0;attığı yalana bak örek ;attığı yalana bak ördek kandırıyor sanki
47;23;Male;31;2;1;40;-0.43857864;8.43254;4.299174;9.475388074234228;-0.46980983;8.506667;4.856572;9.80665;0.031231195;-0.0741272;-0.5573983;0.56317234;-0.019241333;0.1255188;-0.007369995;0.12719872198790724;20.802307;-7.409668;-11.512756;24.90347;16.849884;5.000305;0.3276783;0.38080266;0.62330633;0.80055887;0.3942624;0.31135336;0.49763873;0.7070869;0.0;1.0;161.64062;-57.296875;-1.8125;171.50484;0.0;0;attığı yalana bak örek ;attığı yalana bak ördek kandırıyor sanki
47;23;Male;31;2;1;40;-0.54681313;8.507813;4.7419496;9.755407354439361;-0.47929987;8.509002;4.8515506;9.80665;-0.06751323;-0.0011882782;-0.10960102;0.12873162;0.0054626465;0.0692749;0.019256592;0.07210872771203515;20.51239;-8.073425;-11.854553;25.029358;16.849884;5.000305;0.32687208;0.38183033;0.6240692;0.80131274;0.39368236;0.31249633;0.498545;0.70626706;0.0;1.0;161.54688;-57.359375;-2.03125;171.43983;0.0;0;attığı yalana bak örek ;attığı yalana bak ördek kandırıyor sanki
47;23;Male;31;2;1;40;-0.5262319;8.535446;4.8289948;9.82089350364419;-0.4591479;8.498857;4.8712425;9.80665;-0.067083955;0.036589622;-0.042247772;0.08731513;-0.042266846;-0.102874756;-0.009292603;0.11160669407953476;20.51239;-8.073425;-11.854553;25.029358;16.849884;5.000305;0.3277455;0.3797613;0.6234649;0.8002151;0.39412454;0.310325;0.49771902;0.7075592;0.0;1.0;161.29688;-57.34375;-2.15625;171.20058;0.0;0;attığı yalana bak örek ;attığı yalana bak ördek kandırıyor sanki
47;23;Male;31;2;1;40;-0.44438496;8.52797;4.8762183;9.833679638000675;-0.42400524;8.493978;4.882924;9.80665;-0.020379722;0.033992767;-0.006705761;0.040197123;-0.017333984;-0.2087555;-0.036346436;0.2126038315540535;20.420837;-7.272339;-11.8927;24.725164;16.849884;5.000305;0.33038378;0.3766785;0.6213616;0.7982045;0.3958874;0.30710474;0.49569824;0.7093963;0.0;1.0;161.4375;-57.234375;-2.03125;171.29497;0.0;0;attığı yalana bak örek ;attığı yalana bak ördek kandırıyor sanki
47;23;Male;31;2;1;40;-0.36257058;8.471684;4.722114;9.705629698805408;-0.41773993;8.457488;4.9463906;9.80665;0.055169344;0.014196396;-0.22427654;0.23139827;-0.15135193;-0.0821991;-0.034225464;0.1756003449357381;20.420837;-7.272339;-11.8927;24.725164;16.849884;5.000305;0.32915604;0.3734442;0.62155086;0.79632264;0.39408225;0.30414382;0.4953786;0.7118959;0.0;1.0;161.85938;-57.203125;-1.78125;171.67943;0.0;0;attığı yalana bak örek ;attığı yalana bak ördek kandırıyor sanki
47;23;Male;31;2;1;40;-0.38025087;8.453401;5.0641274;9.86153971316688;-0.42228094;8.449782;4.959157;9.80665;0.042030066;0.0036182404;0.104970455;0.113130085;-0.026504517;-0.029373169;-0.029327393;0.04924802999798367;20.52002;-7.394409;-11.680603;24.74237;16.849884;5.000305;0.32892308;0.37277737;0.6211437;0.7955959;0.39359546;0.30370376;0.49510598;0.7125424;0.0;1.0;162.09375;-56.8125;-1.71875;171.77019;0.0;0;attığı yalana bak örek ;attığı yalana bak ördek kandırıyor sanki
47;23;Male;32;3;1;40;-0.45072648;8.492986;4.7318473;9.732643239453838;-0.3844484;8.4646;4.9369154;9.80665;-0.06627807;0.028386116;-0.20506811;0.21737407;0.05680847;-0.18916321;-0.01889038;0.19841060641454983;20.52002;-7.394409;-11.680603;24.74237;16.849884;5.000305;0.33257386;0.37105522;0.61871475;0.79441506;0.39675635;0.30144945;0.4926586;0.71344244;0.0;1.0;162.26562;-56.578125;-1.6875;171.85478;0.0;0;attığı yalana bak örek;attığı yalana bak ördek kandırıyor sanki
47;23;Male;32;3;1;40;-0.2855181;8.465996;4.9745126;9.823460920928142;-0.37900522;8.465866;4.9351645;9.80665;0.09348711;1.296997E-4;0.039348125;0.10143043;0.0065307617;-0.03213501;-0.008651733;0.03391404133962179;19.79065;-7.759094;-12.815857;24.821754;16.814697;5.000305;0.3331134;0.37069136;0.61828613;0.7941375;0.39701766;0.3012534;0.4926422;0.71339124;0.0;1.0;162.54688;-56.828125;-1.546875;172.20137;0.0;0;attığı yalana bak örek;attığı yalana bak ördek kandırıyor sanki
47;23;Male;32;3;1;40;-0.34585083;8.472619;4.9418826;9.814636475588662;-0.3763163;8.457641;4.949453;9.80665;0.030465484;0.014978409;-0.0075702667;0.034782287;-0.03501892;0.0181427;0.016052246;0.042581180384072444;19.79065;-7.759094;-12.815857;24.821754;16.814697;5.000305;0.33246914;0.3702869;0.61900723;0.79424053;0.39638782;0.30087346;0.49318823;0.7135245;0.0;1.0;162.6875;-56.8125;-1.453125;172.32816;0.0;0;attığı yalana bak örek;attığı yalana bak ördek kandırıyor sanki
47;23;Male;33;4;1;40;-0.47516915;8.458745;4.763374;9.719356180324533;-0.38766593;8.45699;4.949688;9.80665;-0.087503225;0.0017547607;-0.1863141;0.20584665;-0.0064697266;0.037109375;-0.0024719238;0.03775014546253271;20.82367;-6.9351196;-12.47406;25.245262;16.814697;5.000305;0.33180037;0.37087014;0.6192796;0.79444534;0.3959315;0.30145377;0.4932924;0.7134609;0.0;1.0;162.625;-56.734375;-1.4375;172.24327;0.0;0;attığı yalana bak öre;attığı yalana bak ördek kandırıyor sanki
47;23;Male;33;4;1;40;-0.34049383;8.475066;4.9944158;9.843112766595418;-0.38274217;8.4555235;4.952577;9.80665;0.04224834;0.019542694;0.041838646;0.06258843;-7.171631E-4;-0.023406982;-0.011428833;0.026057999788974873;20.82367;-6.9351196;-12.47406;25.245262;16.814697;5.000305;0.33210114;0.37040204;0.6190335;0.7941608;0.3961292;0.30094934;0.4930022;0.71376467;0.0;1.0;162.54688;-56.71875;-1.5;172.1649;0.0;0;attığı yalana bak öre;attığı yalana bak ördek kandırıyor sanki
47;23;Male;33;4;1;40;-0.31415132;8.456131;4.963604;9.81031126977298;-0.3785141;8.449528;4.9631248;9.80665;0.064362794;0.006603241;4.7922134E-4;0.06470241;-0.026916504;0.03540039;0.016906738;0.04757650249371805;20.0943;-7.911682;-12.733459;25.070234;16.814697;5.000305;0.33150047;0.37021416;0.6199321;0.79452306;0.39552203;0.30085447;0.49393097;0.7134992;0.0;1.0;162.625;-56.703125;-1.5;172.23352;0.0;0;attığı yalana bak öre;attığı yalana bak ördek kandırıyor sanki
47;23;Male;33;4;1;40;-0.45470646;8.477316;4.761165;9.733464783202676;-0.39439732;8.459077;4.9455895;9.80665;-0.060309142;0.018239021;-0.1844244;0.19489026;0.008239746;0.039657593;-7.7819824E-4;0.04051201907087456;20.0943;-7.911682;-12.733459;25.070234;16.814697;5.000305;0.33128023;0.3716161;0.61979747;0.7949805;0.395754;0.3020329;0.4934798;0.71318483;0.0;1.0;162.5625;-56.625;-1.484375;172.14865;0.0;0;attığı yalana bak öre;attığı yalana bak ördek kandırıyor sanki
47;23;Male;34;5;1;40;-0.37746868;8.428545;4.815687;9.714612431969426;-0.38615367;8.459202;4.9460263;9.80665;0.008684993;-0.030656815;-0.13033915;0.13417736;-0.017974854;-0.023406982;0.004760742;0.029893926591537015;20.275879;-7.7545166;-13.064575;25.336277;16.814697;5.000305;0.33169496;0.371216;0.61969525;0.7948868;0.39622283;0.30138066;0.49303073;0.71351093;0.0;1.0;162.46875;-56.65625;-1.578125;172.07124;0.0;0;attığı yalana bak ör;attığı yalana bak ördek kandırıyor sanki
47;23;Male;34;5;1;40;-0.34004924;8.503832;5.2034373;9.97529708353991;-0.37467232;8.467406;4.932852;9.80665;0.034623086;0.03642559;0.27058554;0.27521285;0.037841797;-0.022125244;0.013076782;0.045744182687247455;20.275879;-7.7545166;-13.064575;25.336277;16.118546;5.000305;0.33266386;0.37125364;0.6194175;0.79509276;0.39724556;0.30114862;0.49265707;0.7132983;0.0;1.0;162.48438;-56.625;-1.53125;172.07529;0.0;0;attığı yalana bak ör;attığı yalana bak ördek kandırıyor sanki
47;23;Male;34;5;1;40;-0.359244;8.4943;4.702685;9.715834238538706;-0.36543828;8.485257;4.9027815;9.80665;0.0061942935;0.00904274;-0.2000966;0.2003966;0.0683136;-0.040664673;-0.0018310547;0.07952179786996344;20.353699;-7.7285767;-12.980652;25.347609;16.118546;5.000305;0.3343763;0.37177983;0.6183797;0.79524916;0.39890346;0.3015025;0.491969;0.7126982;0.0;0.99999994;162.46875;-56.65625;-1.484375;172.0704;0.0;0;attığı yalana bak ör;attığı yalana bak ördek kandırıyor sanki
47;23;Male;35;5;1;40;-0.42627135;8.496594;4.897039;9.816048483589912;-0.37053955;8.483217;4.905926;9.80665;-0.055731803;0.01337719;-0.008887291;0.057999715;-0.0098724365;0.046905518;0.016693115;0.050756799640029326;20.353699;-7.7285767;-12.980652;25.347609;16.118546;5.000305;0.33364183;0.37222376;0.6190979;0.795707;0.39834496;0.3019746;0.49260345;0.7123724;0.0;1.0;162.59375;-56.9375;-1.390625;172.28041;0.0;0;attığı yalana bak örd;attığı yalana bak ördek kandırıyor sanki
47;23;Male;35;5;1;40;-0.34247932;8.47862;4.877051;9.787232277085726;-0.37640575;8.48084;4.9095893;9.80665;0.033926427;-0.0022201538;-0.032538414;0.047060385;-0.010299683;0.021759033;-0.0022735596;0.02418073738020266;20.617676;-8.143616;-11.805725;25.115377;16.118546;5.000305;0.33315313;0.37241057;0.6193416;0.7957793;0.39792883;0.30221394;0.4927946;0.7123713;0.0;1.0;162.4375;-56.875;-1.453125;172.11281;0.0;0;attığı yalana bak örd;attığı yalana bak ördek kandırıyor sanki
47;23;Male;35;5;1;40;-0.3410473;8.502612;4.865103;9.802038118880699;-0.37739906;8.483929;4.904173;9.80665;0.03635177;0.018683434;-0.03907013;0.05654199;0.011001587;0.01600647;0.0058288574;0.02027850036292141;20.617676;-8.143616;-11.805725;25.115377;16.118546;5.000305;0.3331574;0.3727773;0.6194588;0.79604393;0.39779547;0.30284572;0.49346355;0.7117141;0.0;1.0;162.40625;-56.859375;-1.484375;172.07841;0.0;0;attığı yalana bak örd;attığı yalana bak ördek kandırıyor sanki
47;23;Male;36;5;1;40;-0.38823217;8.460489;4.7975674;9.73381997442354;-0.3665761;8.486063;4.901301;9.80665;-0.021656066;-0.02557373;-0.10373354;0.10901215;-0.0060424805;-0.036605835;0.0096588135;0.038337858636964685;20.776367;-7.247925;-12.088013;25.105974;16.118546;5.000305;0.3338608;0.37234417;0.61919147;0.79592794;0.39834583;0.30236372;0.49330908;0.71171826;0.0;0.99999994;162.375;-56.875;-1.5;172.05423;0.0;0;attığı yalana bak örde;attığı yalana bak ördek kandırıyor sanki
47;23;Male;37;5;1;40;-0.34206316;8.526827;4.947709;9.864259234328708;-0.37490427;8.487771;4.8977118;9.80665;0.032841116;0.039055824;0.04999733;0.07143969;0.010147095;0.0664978;0.011154175;0.06818604374584032;20.776367;-7.247925;-12.088013;25.105974;16.118546;5.000305;0.33312878;0.3732445;0.6199146;0.79660547;0.39770597;0.30350643;0.4944025;0.7108305;0.0;1.0;162.45312;-56.921875;-1.40625;172.14265;0.0;0;attığı yalana bak ördek;attığı yalana bak ördek kandırıyor sanki
47;23;Male;37;5;1;40;-0.33165795;8.521439;5.040884;9.906332879929646;-0.38228554;8.4844055;4.90297;9.80665;0.05062759;0.03703308;0.13791418;0.15150882;0.0048217773;0.039230347;-0.0065307617;0.04006145916530489;20.448303;-7.2235107;-12.054443;24.811728;16.449036;5.000305;0.33241913;0.3735179;0.62035006;0.7967762;0.39691502;0.30409965;0.4952137;0.7104543;0.0;1.0;162.29688;-56.8125;-1.46875;171.95956;0.0;0;attığı yalana bak ördek;attığı yalana bak ördek kandırıyor sanki
47;23;Male;37;5;1;40;-0.3960386;8.473671;4.7952056;9.744431411591048;-0.4010576;8.498392;4.877179;9.80665;0.005019009;-0.024721146;-0.08197355;0.08576706;0.045944214;0.08760071;0.0056152344;0.09907717219394606;20.448303;-7.2235107;-12.054443;24.811728;16.449036;5.000305;0.3319748;0.37566715;0.6206398;0.7978263;0.39692694;0.30623862;0.49566072;0.709216;0.0;1.0;162.26562;-56.890625;-1.53125;171.95645;0.0;0;attığı yalana bak ördek;attığı yalana bak ördek kandırıyor sanki
47;23;Male;37;5;1;40;-0.4660232;8.490943;4.616495;9.676017607322354;-0.41102174;8.494294;4.883483;9.806649;-0.055001467;-0.0033512115;-0.2669878;0.2726149;-0.02394104;0.063949585;0.01499939;0.06991211996732702;19.740295;-8.453369;-12.1536255;24.674871;16.449036;5.000305;0.3308284;0.37625024;0.62155163;0.7983346;0.39582354;0.30714065;0.49688566;0.7085852;0.0;1.0;162.03125;-57.046875;-1.703125;171.78874;0.0;0;attığı yalana bak ördek;attığı yalana bak ördek kandırıyor sanki
47;23;Male;39;5;1;40;-0.42148137;8.514858;4.851588;9.809095749719496;-0.4173812;8.493104;4.8850136;9.80665;-0.0041001737;0.021754265;-0.033425808;0.040091697;-0.0068969727;0.046051025;0.011581421;0.04798327258904307;19.740295;-8.453369;-12.1536255;24.674871;16.449036;5.000305;0.33013338;0.37675667;0.6221593;0.7987589;0.39521843;0.30779216;0.49763006;0.7081177;0.0;1.0;161.9375;-56.984375;-1.75;171.68004;0.0;0;attığı yalana bak ördek ;attığı yalana bak ördek kandırıyor sanki
47;23;Male;39;5;1;40;-0.3591753;8.554264;5.0198674;9.924893359195798;-0.42909193;8.490738;4.8881097;9.806649;0.069916636;0.06352615;0.13175774;0.16212344;-0.0071105957;0.039871216;-0.006958008;0.041093652938812564;20.27893;-8.195496;-12.713623;25.29896;16.449036;5.000305;0.32934242;0.37723905;0.6224856;0.7989143;0.3946091;0.30831704;0.49781358;0.7081002;0.0;1.0;161.85938;-56.953125;-1.796875;171.59645;0.0;0;attığı yalana bak ördek ;attığı yalana bak ördek kandırıyor sanki
47;23;Male;39;5;1;40;-0.42589256;8.478811;4.831067;9.767846682092905;-0.4479932;8.488229;4.8907743;9.80665;0.022100627;-0.009417534;-0.059707165;0.06435894;-0.020309448;0.10336304;0.010513306;0.10586274755151569;21.022034;-7.194519;-11.326599;24.939505;16.449036;5.000305;0.32771984;0.37847015;0.6236375;0.79972726;0.3931532;0.30995244;0.4993651;0.70710295;0.0;1.0;161.79688;-56.9375;-1.875;171.53316;0.0;0;attığı yalana bak ördek ;attığı yalana bak ördek kandırıyor sanki
47;23;Male;39;5;1;40;-0.516872;8.508195;4.8177476;9.791181274989999;-0.43456692;8.510458;4.853211;9.806651;-0.082305074;-0.0022630692;-0.035463333;0.08964873;0.08918762;-0.026809692;0.018829346;0.09501439584182482;20.309448;-7.2280884;-11.677551;24.517017;16.814697;5.000305;0.32962507;0.37934473;0.62283045;0.8002955;0.395196;0.31044364;0.49869958;0.7062178;0.0;1.0;161.65625;-56.875;-2.0;171.38118;0.0;0;attığı yalana bak ördek ;attığı yalana bak ördek kandırıyor sanki
47;23;Male;40;5;1;40;-0.45161614;8.535832;4.6268773;9.719690253263618;-0.41682112;8.514037;4.848487;9.80665;-0.034795016;0.021795273;-0.22160959;0.22538087;-0.023086548;-0.07687378;0.0062561035;0.08050904036844196;20.559692;-7.6522827;-11.804199;24.911795;16.814697;5.000305;0.3309679;0.37849203;0.62211365;0.7998883;0.3965553;0.30909523;0.4974333;0.70694;0.0;1.0;161.59375;-57.140625;-1.921875;171.4097;0.0;0;attığı yalana bak ördek k;attığı yalana bak ördek kandırıyor sanki
47;23;Male;40;5;1;40;-0.38741016;8.5107155;4.986085;9.871342795245056;-0.40793917;8.512719;4.8515563;9.80665;0.020529002;-0.0020036697;0.13452864;0.13610072;-0.0024261475;-0.035751343;-1.373291E-4;0.03583383285774928;20.170593;-7.991028;-12.280273;24.930193;16.814697;5.000305;0.33144978;0.37786314;0.62187135;0.7996021;0.39689443;0.30840605;0.4971581;0.70724416;0.0;1.0;161.6875;-57.125;-1.8125;171.49168;0.0;0;attığı yalana bak ördek k;attığı yalana bak ördek kandırıyor sanki
47;23;Male;41;5;1;40;-0.4030822;8.547159;4.8638043;9.842407962482369;-0.4064866;8.518864;4.84088;9.80665;0.0034044087;0.028295517;0.022924423;0.03657534;0.026123047;0.0034484863;0.004333496;0.02670364825089472;20.173645;-7.673645;-11.529541;24.470207;16.814697;5.000305;0.33182627;0.37825274;0.62173647;0.7998375;0.3972995;0.3087668;0.49717268;0.706849;0.0;1.0;161.76562;-57.078125;-1.734375;171.54893;0.0;0;attığı yalana bak ördek ka;attığı yalana bak ördek kandırıyor sanki
47;23;Male;41;5;1;40;-0.3901952;8.504129;4.6800213;9.714682790045064;-0.4116366;8.523033;4.8330994;9.80665;0.0214414;-0.018903732;-0.15307808;0.15572406;0.01335144;0.03668213;0.008178711;0.03988396827087321;20.898438;-7.7331543;-11.723328;25.179014;16.814697;5.000305;0.33158833;0.3789851;0.6220121;0.80029964;0.39721847;0.30951253;0.49752703;0.70631886;0.0;1.0;161.71875;-57.109375;-1.734375;171.51514;0.0;0;attığı yalana bak ördek ka;attığı yalana bak ördek kandırıyor sanki
47;23;Male;42;5;1;40;-0.42325732;8.53255;4.798674;9.798511541030587;-0.40575984;8.515798;4.846333;9.80665;-0.01749748;0.016752243;-0.04765892;0.053461876;-0.038848877;-0.034698486;-0.0020599365;0.05212929611300499;20.336914;-8.233643;-11.732483;24.880396;16.814697;5.000305;0.33160806;0.37807658;0.6219502;0.7998299;0.39694878;0.30876765;0.4976167;0.70673317;0.0;0.99999994;161.67188;-57.1875;-1.765625;171.4973;0.0;0;attığı yalana bak ördek kan;attığı yalana bak ördek kandırıyor sanki
47;23;Male;42;5;1;40;-0.35352072;8.536604;4.9802995;9.889487745175964;-0.40717134;8.5078;4.8602405;9.80665;0.053650618;0.028803825;0.12005901;0.13461879;-0.016479492;0.014724731;-0.007171631;0.023234105336779935;20.648193;-7.298279;-11.924744;24.936163;16.814697;5.000305;0.33099067;0.37767968;0.6223611;0.7997063;0.39617306;0.30861565;0.4982058;0.70681983;0.0;1.0;161.70312;-57.09375;-1.734375;171.49521;0.0;0;attığı yalana bak ördek kan;attığı yalana bak ördek kandırıyor sanki
47;23;Male;42;5;1;40;-0.45495617;8.530641;4.8582106;9.827564867323666;-0.4257513;8.523576;4.8309183;9.80665;-0.029204875;0.0070648193;0.027292252;0.040591914;0.068740845;0.08099365;0.008392334;0.10656315677383098;20.932007;-6.6619873;-12.361145;25.20573;16.849884;5.000305;0.3307023;0.37990478;0.6224914;0.8007417;0.3964813;0.3106353;0.49820232;0.70576394;0.0;1.0;161.75;-57.03125;-1.75;171.51877;0.0;0;attığı yalana bak ördek kan;attığı yalana bak ördek kandırıyor sanki
47;23;Male;42;5;1;40;-0.5225589;8.528009;4.5057793;9.659298753447827;-0.40927187;8.531307;4.8186793;9.80665;-0.11328706;-0.0032978058;-0.31290007;0.33279315;0.026779175;-0.10372925;-0.016326904;0.10836719666701884;20.747375;-7.1502686;-11.485291;24.768766;16.849884;5.000305;0.33260766;0.37906185;0.62104744;0.8000098;0.3982307;0.30939946;0.49651402;0.7065112;0.0;1.0;161.57812;-57.203125;-1.859375;171.41513;0.0;0;attığı yalana bak ördek kan;attığı yalana bak ördek kandırıyor sanki
47;23;Male;43;5;1;40;-0.39709908;8.488238;4.899856;9.808998972612692;-0.38889074;8.525871;4.829976;9.80665;-0.008208334;-0.037632942;0.06988001;0.079792425;-0.02330017;-0.025527954;0.033737183;0.04829877715046733;20.349121;-7.4005127;-11.940002;24.726868;16.849884;5.000305;0.3329394;0.3780094;0.62157625;0.8000605;0.39833;0.30833906;0.49710956;0.70650005;0.0;1.0;161.73438;-57.28125;-1.78125;171.58765;0.0;0;attığı yalana bak ördek kand;attığı yalana bak ördek kandırıyor sanki
47;23;Male;44;5;1;40;-0.2912044;8.615896;4.979849;9.955770183576774;-0.3932415;8.522923;4.834825;9.806651;0.1020371;0.092972755;0.14502382;0.20021841;-0.011154175;0.041152954;0.0098724365;0.04376581137489939;20.298767;-7.8918457;-11.721802;24.733011;16.849884;5.000305;0.33224207;0.37829587;0.62221324;0.8004011;0.39768535;0.30877;0.49785265;0.70615166;0.0;1.0;161.71875;-57.21875;-1.671875;171.55096;0.0;0;attığı yalana bak ördek kandı;attığı yalana bak ördek kandırıyor sanki
47;23;Male;44;5;1;40;-0.4176814;8.499204;4.5837874;9.66550740074833;-0.40100452;8.521959;4.835886;9.80665;-0.016676873;-0.022755623;-0.25209856;0.25367227;-0.008178711;0.005996704;-0.014205933;0.017454521044291817;19.97528;-8.276367;-12.251282;24.85164;16.849884;5.000305;0.33196202;0.37847015;0.6220752;0.80025995;0.39745137;0.30898356;0.49766305;0.7063236;0.0;1.0;161.64062;-57.203125;-1.671875;171.4721;0.0;0;attığı yalana bak ördek kandı;attığı yalana bak ördek kandırıyor sanki
47;23;Male;44;5;1;40;-0.42443553;8.5351095;4.6370015;9.722655121268001;-0.37277305;8.515051;4.850292;9.80665;-0.051662475;0.020058632;-0.21329069;0.22037303;-0.03416443;-0.10649109;0.007537842;0.11209094338362026;20.077515;-7.7667236;-13.139343;25.220446;16.849884;5.000305;0.33322397;0.37638503;0.6215695;0.79940766;0.39832252;0.30666447;0.49689302;0.7073849;0.0;1.0;161.65625;-57.21875;-1.71875;171.49251;0.0;0;attığı yalana bak ördek kandı;attığı yalana bak ördek kandırıyor sanki
47;23;Male;45;5;1;40;-0.35158804;8.518346;5.1107116;9.940080773512939;-0.36021045;8.504587;4.8695607;9.80665;0.008622408;0.013758659;0.24115086;0.24169688;-0.039276123;-0.020843506;0.017333984;0.04772350135515437;20.45288;-7.347107;-12.236023;24.94034;16.849884;5.000305;0.33304974;0.3752324;0.62207276;0.7991846;0.3981981;0.30522084;0.49671823;0.7082016;0.0;1.0;161.75;-57.078125;-1.578125;171.5327;0.0;0;attığı yalana bak ördek kandır;attığı yalana bak ördek kandırıyor sanki
47;23;Male;46;5;1;40;-0.29553166;8.579028;4.8541913;9.861553303807774;-0.37034246;8.509334;4.8605013;9.80665;0.0748108;0.06969452;-0.006309986;0.10243924;0.018249512;0.04925537;0.0019989014;0.052565499796748495;20.724487;-8.283997;-12.062073;25.369717;16.51941;5.000305;0.33262426;0.37622407;0.6223491;0.7996886;0.3979702;0.30627295;0.49711275;0.7075984;0.0;0.99999994;161.8125;-56.984375;-1.453125;171.55936;0.0;0;attığı yalana bak ördek kandırı;attığı yalana bak ördek kandırıyor sanki
47;23;Male;46;5;1;40;-0.40184224;8.507146;4.7859464;9.769252437870422;-0.374961;8.511448;4.8564453;9.806651;-0.026881248;-0.004302025;-0.07049894;0.07557255;0.008026123;-1.8310547E-4;-0.010147095;0.01293892248076701;20.812988;-7.8125;-12.182617;25.350183;16.51941;5.000305;0.3326627;0.37646484;0.62210053;0.7996245;0.39794058;0.30664888;0.49711344;0.70745176;0.0;1.0;161.73438;-57.015625;-1.484375;171.49634;0.0;0;attığı yalana bak ördek kandırı;attığı yalana bak ördek kandırıyor sanki
47;23;Male;47;5;1;40;-0.40141496;8.479013;4.711403;9.70835277751534;-0.3510152;8.511566;4.858025;9.80665;-0.05039975;-0.03255272;-0.14662218;0.1584231;-0.0019989014;-0.10862732;-0.003967285;0.10871811995918872;21.03424;-7.2387695;-13.458252;25.9993;16.51941;5.000305;0.33429915;0.37490496;0.6211189;0.7988106;0.39926744;0.30478707;0.49590877;0.70835364;0.0;1.0;161.71875;-57.046875;-1.5625;171.49268;0.0;0;attığı yalana bak ördek kandırır;attığı yalana bak ördek kandırıyor sanki
47;23;Male;47;5;1;40;-0.32094625;8.55457;4.892541;9.860052323236934;-0.34137794;8.512396;4.857259;9.80665;0.020431697;0.04217434;0.035282135;0.05865968;0.004180908;-0.051956177;-0.007598877;0.05267511036363305;20.77179;-7.7301025;-11.90033;25.156303;16.51941;5.000305;0.33510017;0.37424138;0.62053996;0.79838496;0.4000718;0.30379483;0.49489844;0.7090323;0.0;1.0;161.875;-57.03125;-1.421875;171.63362;0.0;0;attığı yalana bak ördek kandırır;attığı yalana bak ördek kandırıyor sanki
47;23;Male;47;5;1;40;-0.3792839;8.594949;4.766774;9.835605673087764;-0.335368;8.525391;4.834835;9.80665;-0.043915898;0.06955814;-0.068060875;0.10676715;0.040618896;-0.13589478;-0.054031372;0.15177837495410734;20.185852;-7.865906;-13.07373;25.30343;16.51941;5.000305;0.33743533;0.37367022;0.61798745;0.79712015;0.40234777;0.3026686;0.4918593;0.71033967;0.0;1.0;161.98438;-57.046875;-1.34375;171.74135;0.0;0;attığı yalana bak ördek kandırır;attığı yalana bak ördek kandırıyor sanki
47;23;Male;47;5;1;40;-0.37776786;8.497351;4.941211;9.83683123367332;-0.31797948;8.534038;4.820735;9.80665;-0.059788376;-0.036686897;0.120476246;0.13940984;0.063201904;-0.1942749;-0.056381226;0.21193409372844732;19.963074;-7.789612;-12.730408;24.925201;16.51941;5.000305;0.3403411;0.3719931;0.6150088;0.7952652;0.40498596;0.30032867;0.48822308;0.71233934;0.0;1.0;162.28125;-57.140625;-1.265625;172.0519;0.0;0;attığı yalana bak ördek kandırır;attığı yalana bak ördek kandırıyor sanki
47;23;Male;47;5;1;40;-0.2802092;8.547127;4.713726;9.76478929383372;-0.28425607;8.552754;4.78957;9.80665;0.0040468574;-0.005627632;-0.07584381;0.0761599;0.070236206;-0.25009155;-0.06213379;0.2670945822633642;20.326233;-7.408142;-12.7960205;25.135124;16.118546;5.000305;0.34483474;0.369985;0.6111861;0.79331475;0.4090661;0.29743034;0.4838609;0.71419793;0.0;0.99999994;162.73438;-57.265625;-1.140625;172.51994;0.0;0;attığı yalana bak ördek kandırır;attığı yalana bak ördek kandırıyor sanki
47;23;Male;47;5;1;40;-0.21990624;8.566222;4.6012273;9.726243405032603;-0.27093896;8.5519905;4.7917056;9.80665;0.051032722;0.014231682;-0.19047832;0.19770905;-0.0032653809;-0.19192505;-0.077682495;0.20707597050201074;20.17212;-7.789612;-12.640381;25.04739;16.118546;5.000305;0.3470748;0.3677364;0.60835016;0.7910632;0.41078418;0.29486838;0.4806462;0.7164414;0.0;1.0;163.29688;-57.5;-0.890625;173.12686;0.0;0;attığı yalana bak ördek kandırır;attığı yalana bak ördek kandırıyor sanki
47;23;Male;47;5;1;40;-0.22527087;8.516193;4.777785;9.767472533073464;-0.27456307;8.526422;4.8368516;9.80665;0.049292207;-0.010228157;-0.059066772;0.07760941;-0.114486694;-0.002960205;-0.020370483;0.11632249350123539;20.074463;-8.166504;-13.697815;25.63798;16.118546;5.000305;0.34545293;0.36613044;0.6090658;0.7901584;0.4089083;0.29356974;0.4810715;0.7177611;0.0;1.0;163.78125;-57.5625;-0.765625;173.60393;0.0;0;attığı yalana bak ördek kandırır;attığı yalana bak ördek kandırıyor sanki
47;23;Male;47;5;1;40;-0.25018537;8.562725;4.759894;9.799971583439568;-0.2608451;8.529912;4.8314533;9.80665;0.0106597245;0.032813072;-0.07155943;0.0794423;-7.6293945E-5;-0.056854248;-0.0022583008;0.056899132321282624;19.767761;-7.611084;-13.179016;24.947533;16.118546;5.000305;0.34654367;0.36547488;0.6084331;0.78984505;0.409973;0.29255182;0.48008192;0.7182318;0.0;1.0;164.0;-57.1875;-0.78125;173.68655;0.0;0;attığı yalana bak ördek kandırır;attığı yalana bak ördek kandırıyor sanki
47;23;Male;48;6;1;40;-0.23421486;8.514648;4.9995646;9.876726854283355;-0.24026915;8.521208;4.8478513;9.80665;0.006054297;-0.006559372;0.15171337;0.15197575;-0.011154175;-0.07710266;0.0030517578;0.07796505002035263;20.44983;-7.5637817;-13.07373;25.422997;16.118546;5.000305;0.34721264;0.3636918;0.6081452;0.78909373;0.410178;0.29083046;0.4798892;0.7189423;0.0;1.0;164.0625;-57.171875;-0.71875;173.74016;0.0;0;attığı yalana bak ördek kandırı;attığı yalana bak ördek kandırıyor sanki
47;23;Male;48;6;1;40;-0.16863582;8.557822;4.7724357;9.800045812857487;-0.22234797;8.528456;4.835948;9.80665;0.05371216;0.029366493;-0.063512325;0.08821113;0.016113281;-0.034057617;0.011367798;0.03935461766644994;20.207214;-8.097839;-12.771606;25.239264;16.118546;5.000305;0.34842667;0.36336502;0.60785586;0.7892554;0.41108787;0.29058912;0.4801881;0.71832037;0.0;1.0;164.20312;-57.140625;-0.59375;173.86221;0.0;0;attığı yalana bak ördek kandırı;attığı yalana bak ördek kandırıyor sanki
47;23;Male;48;6;1;40;-0.23191148;8.532538;4.7521043;9.76936451024724;-0.20254213;8.529887;4.834294;9.80665;-0.029369354;0.0026512146;-0.08218956;0.0873196;-0.0073242188;-0.09669495;-0.0018310547;0.09698922774126602;19.543457;-7.9727173;-13.470459;25.039253;16.118546;5.000305;0.3498813;0.36208105;0.60688424;0.78856075;0.41233987;0.28895578;0.47889647;0.7191235;0.0;1.0;164.20312;-57.1875;-0.515625;173.87738;0.0;0;attığı yalana bak ördek kandırı;attığı yalana bak ördek kandırıyor sanki
47;23;Male;48;6;1;40;-0.26254442;8.5355835;4.8426285;9.817136346560417;-0.16955008;8.546089;4.80687;9.80665;-0.09299435;-0.010505676;0.035758495;0.10018477;0.074920654;-0.1821289;-0.0054626465;0.1970123882342978;19.126892;-6.8573;-13.763428;24.541647;16.308273;5.000305;0.35336497;0.3606259;0.60443217;0.7875634;0.41569272;0.28656134;0.47572055;0.72025836;0.0;1.0;164.375;-57.171875;-0.34375;174.03415;0.0;0;attığı yalana bak ördek kandırı;attığı yalana bak ördek kandırıyor sanki
47;23;Male;48;6;1;40;3.4452975E-4;8.562413;4.691599;9.763504374868214;-0.13760887;8.549157;4.8024335;9.80665;0.1379534;0.013256073;-0.1108346;0.17745753;0.010360718;-0.14378357;-0.009933472;0.14449821225674458;19.685364;-7.7545166;-13.6779785;25.19391;16.308273;5.000305;0.35569373;0.3586447;0.60292417;0.78655046;0.4176055;0.2841649;0.4739811;0.72124743;0.0;1.0;164.60938;-57.34375;-0.140625;174.3117;0.0;0;attığı yalana bak ördek kandırı;attığı yalana bak ördek kandırıyor sanki
47;23;Male;48;6;1;40;-0.055126593;8.60487;4.857782;9.881542016187543;-0.120639496;8.545424;4.809527;9.80665;0.0655129;0.05944538;0.048254967;0.10076823;-0.013702393;-0.029586792;0.009033203;0.0338338970740428;19.000244;-8.000183;-13.458252;24.619844;16.308273;5.000305;0.3561583;0.35767812;0.6030559;0.7864215;0.41779608;0.2832469;0.47428533;0.72129816;0.0;0.99999994;164.90625;-57.421875;0.09375;174.61774;0.0;0;attığı yalana bak ördek kandırı;attığı yalana bak ördek kandırıyor sanki
47;23;Male;49;6;1;40;-0.06991425;8.548042;5.1316485;9.97034233934168;-0.14651766;8.553719;4.7940397;9.80665;0.07660341;-0.0056762695;0.3376088;0.34623694;0.041900635;0.13830566;0.014572144;0.1452462260514729;19.384766;-7.672119;-13.6154175;24.900003;16.308273;5.000305;0.35476646;0.3601566;0.60421586;0.7878127;0.4168659;0.285998;0.47585347;0.71971625;0.0;1.0;164.9375;-57.359375;0.1875;174.62679;0.0;0;attığı yalana bak ördek kandırıy;attığı yalana bak ördek kandırıyor sanki
47;23;Male;49;6;1;40;-0.108673364;8.591355;4.686472;9.787042987687961;-0.19225423;8.560075;4.78106;9.80665;0.08358087;0.031280518;-0.09458828;0.13004297;0.023361206;0.22927856;0.018615723;0.23121623897179186;19.28711;-7.701111;-13.105774;24.5573;16.308273;5.000305;0.35190377;0.3638647;0.60630774;0.78983724;0.4147461;0.29020584;0.47844076;0.71753794;0.0;1.0;164.76562;-57.46875;0.0625;174.50035;0.0;0;attığı yalana bak ördek kandırıy;attığı yalana bak ördek kandırıyor sanki
47;23;Male;49;6;1;40;-0.15464205;8.549262;4.6156955;9.716915140979284;-0.24026702;8.571033;4.7592072;9.80665;0.08562498;-0.021770477;-0.14351177;0.1685266;0.04168701;0.25889587;0.029266357;0.2638586704238624;19.857788;-7.7209473;-12.9852295;24.951172;16.308273;5.000305;0.34896496;0.36820024;0.6086273;0.79232264;0.412696;0.2950084;0.481307;0.7148396;0.0;1.0;164.35938;-57.546875;-0.25;174.14278;0.0;0;attığı yalana bak ördek kandırıy;attığı yalana bak ördek kandırıyor sanki
47;23;Male;50;6;1;40;-0.36443081;8.521645;4.459282;9.624782557378959;-0.24382213;8.547309;4.801504;9.80665;-0.12060869;-0.02566433;-0.3422222;0.36375973;-0.10852051;0.0692749;0.033950806;0.1331479255892473;19.847107;-8.094788;-12.265015;24.695421;16.308273;5.000305;0.3466351;0.36747175;0.610647;0.79251575;0.4102209;0.29480544;0.48345688;0.7148972;0.0;1.0;163.89062;-57.65625;-0.5625;173.73743;0.0;0;attığı yalana bak ördek kandırıyo;attığı yalana bak ördek kandırıyor sanki
47;23;Male;50;6;1;40;-0.19870818;8.605901;4.972249;9.941040040186987;-0.24501939;8.533291;4.8263144;9.806651;0.046311215;0.0726099;0.14593458;0.16945155;-0.056533813;0.021759033;0.007965088;0.06109803725375965;20.681763;-7.206726;-12.89978;25.418036;15.682495;5.000305;0.34550217;0.366817;0.6115052;0.7923794;0.40897143;0.29439571;0.4842963;0.7152137;0.0;1.0;163.60938;-57.453125;-0.65625;173.40508;0.0;0;attığı yalana bak ördek kandırıyo;attığı yalana bak ördek kandırıyor sanki
47;23;Male;51;6;1;40;-0.2049379;8.542365;4.784613;9.793187473741654;-0.2453686;8.524609;4.841613;9.806649;0.040430695;0.017756462;-0.056999683;0.07210337;-0.037994385;0.018356323;0.008392334;0.04302277484747014;21.003723;-7.8079224;-12.210083;25.518742;15.682495;5.000305;0.3447596;0.3664523;0.6121343;0.79237294;0.4079065;0.29454833;0.48555973;0.7149023;0.0;1.0;163.53125;-57.21875;-0.65625;173.25381;0.0;0;attığı yalana bak ördek kandırıyor;attığı yalana bak ördek kandırıyor sanki
47;23;Male;51;6;1;40;-0.043940336;8.508683;5.1791735;9.961097092726234;-0.33441666;8.486625;4.902627;9.80665;0.29047632;0.022058487;0.27654648;0.40167278;-0.15454102;0.48643494;0.05973816;0.5138779285741212;19.55719;-8.128357;-13.139343;24.923807;15.682495;5.000305;0.33554047;0.37074003;0.61870044;0.7955035;0.3996269;0.300556;0.49287373;0.7120673;0.0;0.99999994;163.46875;-57.109375;-0.6875;173.15884;0.0;0;attığı yalana bak ördek kandırıyor;attığı yalana bak ördek kandırıyor sanki
47;23;Male;51;6;1;40;-0.39592835;8.476893;4.5205765;9.61509677975916;-0.43005413;8.448198;4.961189;9.80665;0.034125775;0.028695107;-0.44061232;0.4428625;-0.17391968;0.55119324;0.093826294;0.5855471085734899;20.043945;-7.89032;-11.824036;24.572845;15.682495;5.000305;0.32540795;0.37571195;0.6261831;0.79947174;0.39065385;0.30730987;0.5011313;0.7083909;0.0;1.0;162.79688;-56.765625;-1.140625;172.41362;0.0;0;attığı yalana bak ördek kandırıyor;attığı yalana bak ördek kandırıyor sanki
47;23;Male;51;6;1;40;-0.5965135;8.47005;5.020597;9.86427744918964;-0.47131482;8.447953;4.9578567;9.80665;-0.12519872;0.022096634;0.062740326;0.1417721;-0.0011444092;0.18986511;0.017333984;0.19065816706619573;20.761108;-7.975769;-12.094116;25.316086;15.682495;5.000305;0.32251623;0.37842163;0.6279669;0.8009757;0.3883269;0.31051874;0.50326407;0.7067571;0.0;1.0;161.59375;-56.28125;-1.84375;171.12427;0.0;0;attığı yalana bak ördek kandırıyor;attığı yalana bak ördek kandırıyor sanki
47;23;Male;53;6;1;40;-0.60763276;8.416049;4.6344037;9.626878829402596;-0.45238686;8.447427;4.9605145;9.806649;-0.15524587;-0.031377792;-0.32611084;0.36253846;-0.008605957;-0.086257935;-7.7819824E-4;0.08668967319612418;20.541382;-7.25708;-11.703491;24.730251;15.682495;5.000305;0.32376122;0.3771774;0.6272449;0.8003251;0.38937312;0.30898657;0.5022547;0.70757055;0.0;1.0;161.10938;-56.140625;-2.171875;170.6245;0.0;0;attığı yalana bak ördek kandırıyor ;attığı yalana bak ördek kandırıyor sanki
47;23;Male;53;6;1;40;-0.37537134;8.4884205;5.0576525;9.88807539607531;-0.42736366;8.450762;4.9570513;9.806649;0.051992327;0.03765869;0.1006012;0.119339764;0.015258789;-0.100738525;-0.0014038086;0.10189726070659397;20.21637;-7.0892334;-11.604309;24.364294;16.224121;5.000305;0.32554814;0.37587118;0.6262932;0.7996899;0.39086968;0.3073786;0.50118375;0.70820487;0.0;1.0;161.1875;-56.203125;-2.109375;170.71805;0.0;0;attığı yalana bak ördek kandırıyor ;attığı yalana bak ördek kandırıyor sanki
47;23;Male;54;6;1;40;-0.43805715;8.450851;5.0840487;9.87199715735569;-0.44338414;8.449983;4.956973;9.80665;0.0053269863;8.687973E-4;0.12707567;0.12719025;-0.0013580322;0.08503723;0.011581421;0.085833000937334;20.573425;-7.5653076;-11.387634;24.70178;16.224121;5.000305;0.3242709;0.3769789;0.62719405;0.8003981;0.38975638;0.30879548;0.5024056;0.70733577;0.0;0.99999994;161.35938;-56.171875;-1.9375;170.86803;0.0;0;attığı yalana bak ördek kandırıyor s;attığı yalana bak ördek kandırıyor sanki
47;23;Male;54;6;1;40;-0.47685003;8.462328;4.8458877;9.76324785774213;-0.4552982;8.4596615;4.9393544;9.80665;-0.021551847;0.0026664734;-0.09346676;0.09595638;0.03805542;0.030075073;-0.009933472;0.04951160342088017;20.446777;-8.435059;-12.866211;25.588285;16.224121;5.000305;0.32429653;0.3781465;0.6269066;0.8007339;0.3900135;0.30992335;0.5021832;0.7068585;0.0;0.99999994;161.25;-56.203125;-2.0;170.77574;0.0;0;attığı yalana bak ördek kandırıyor s;attığı yalana bak ördek kandırıyor sanki
47;23;Male;54;6;1;40;-0.4160777;8.457337;4.811366;9.739040639095942;-0.4747669;8.459114;4.938459;9.80665;0.058689207;-0.0017766953;-0.12709284;0.1400006;-0.0049743652;0.078430176;-0.0020599365;0.07861475786974084;20.378113;-7.662964;-12.57782;25.14339;16.224121;5.000305;0.32304102;0.37927985;0.6275436;0.80126137;0.38929436;0.31089965;0.5022628;0.7067697;0.0;1.0;161.21875;-56.296875;-2.0625;170.77786;0.0;0;attığı yalana bak ördek kandırıyor s;attığı yalana bak ördek kandırıyor sanki
47;23;Male;54;6;1;40;-0.5054605;8.452034;4.8032126;9.734640226275186;-0.4650439;8.458933;4.9396935;9.80665;-0.0404166;-0.00689888;-0.13648081;0.14250651;-0.022232056;-0.03981018;0.009231567;0.046522430879039685;20.541382;-7.260132;-11.946106;24.846878;16.224121;5.000305;0.3235961;0.37872323;0.6273136;0.8010419;0.3898469;0.31010503;0.5017225;0.70719784;0.0;1.0;161.10938;-56.3125;-2.203125;170.68152;0.0;0;attığı yalana bak ördek kandırıyor s;attığı yalana bak ördek kandırıyor sanki
47;23;Male;55;6;1;40;-0.4551461;8.462415;4.950792;9.814783086336357;-0.4587903;8.456548;4.9443607;9.80665;0.0036441982;0.0058670044;0.0064311028;0.009437214;-0.010940552;0.0068511963;0.017974854;0.022129842862685527;20.535278;-7.78656;-12.026978;25.039495;16.224121;5.000305;0.32350034;0.3784908;0.62775093;0.8012359;0.38979056;0.309792;0.5020143;0.70715904;0.0;1.0;161.10938;-56.25;-2.171875;170.6605;0.0;0;attığı yalana bak ördek kandırıyor sa;attığı yalana bak ördek kandırıyor sanki
47;23;Male;56;6;1;40;-0.4363243;8.534362;5.1133733;9.958529015219435;-0.45006892;8.457878;4.942887;9.80665;0.0137446225;0.07648373;0.17048645;0.18736143;0.02633667;-0.04663086;-0.011001587;0.054672591008174;20.411682;-7.6309204;-13.124084;25.438343;16.224121;5.000305;0.32428747;0.37791604;0.62717193;0.8008293;0.390352;0.3092058;0.50157446;0.70741796;0.0;1.0;161.07812;-56.21875;-2.109375;170.61993;0.0;0;attığı yalana bak ördek kandırıyor san;attığı yalana bak ördek kandırıyor sanki
47;23;Male;56;6;1;40;-0.43061644;8.448819;4.75397;9.704030285095945;-0.46592927;8.463685;4.9314632;9.80665;0.03531283;-0.014865875;-0.1774931;0.18158136;0.021652222;0.030715942;-0.020584106;0.04284849157559556;20.613098;-7.5012207;-12.684631;25.33906;16.51941;5.000305;0.32400364;0.37892866;0.6268827;0.80096644;0.39070922;0.30969608;0.5003146;0.70789826;0.0;1.0;161.15625;-56.25;-2.046875;170.70322;0.0;0;attığı yalana bak ördek kandırıyor san;attığı yalana bak ördek kandırıyor sanki
47;23;Male;56;6;1;40;-0.45653322;8.442534;4.805241;9.724975269387606;-0.4617655;8.461413;4.9357514;9.80665;0.0052322745;-0.018878937;-0.13051033;0.13197248;-0.013290405;0.008132935;0.014572144;0.021333702855692586;20.19806;-8.828735;-13.284302;25.73676;16.51941;5.000305;0.32385516;0.37876713;0.62726825;0.8011318;0.3905451;0.30955008;0.50070655;0.70777553;0.0;1.0;161.20312;-56.375;-2.140625;170.78984;0.0;0;attığı yalana bak ördek kandırıyor san;attığı yalana bak ördek kandırıyor sanki
47;23;Male;56;6;1;40;-0.5046601;8.463739;4.8150268;9.750591918513011;-0.4568272;8.464118;4.931572;9.80665;-0.047832906;-3.786087E-4;-0.1165452;0.12597981;-0.0066833496;-0.043640137;-0.00289917;0.04424402678264592;20.162964;-7.836914;-12.199402;24.83521;16.51941;5.000305;0.32453057;0.3784702;0.6266899;0.8008121;0.39148414;0.30870694;0.49929276;0.70862323;0.0;1.0;161.125;-56.296875;-2.140625;170.69032;0.0;0;attığı yalana bak ördek kandırıyor san;attığı yalana bak ördek kandırıyor sanki
47;23;Male;57;6;1;40;-0.41164422;8.529589;5.3023934;10.051801591811488;-0.42441493;8.471263;4.922193;9.806651;0.012770712;0.058325768;0.3802004;0.38486013;0.038482666;-0.16294861;-0.018676758;0.16846954138000797;20.365906;-6.918335;-12.760925;25.009493;16.51941;5.000305;0.32736737;0.37665454;0.62479806;0.79963154;0.39387962;0.30642596;0.49721923;0.7097429;0.0;1.0;161.17188;-56.296875;-2.09375;170.73398;0.0;0;attığı yalana bak ördek kandırıyor sank;attığı yalana bak ördek kandırıyor sanki
47;23;Male;57;6;1;40;-0.41506788;8.467104;4.6210465;9.654957392292623;-0.4300664;8.489752;4.8897376;9.80665;0.014998525;-0.022647858;-0.26869106;0.2700607;0.07513428;-0.08155823;-0.06085205;0.12649061981448978;19.554138;-7.9315186;-12.419128;24.484854;16.51941;5.000305;0.32927632;0.37718678;0.6224662;0.7988472;0.39617494;0.3061669;0.4939888;0.7108321;0.0;1.0;161.5;-56.390625;-1.859375;171.07195;0.0;0;attığı yalana bak ördek kandırıyor sank;attığı yalana bak ördek kandırıyor sanki
47;23;Male;57;6;1;40;-0.3911943;8.43205;4.7520432;9.686816544020989;-0.4293216;8.457296;4.9457264;9.80665;0.038127273;-0.02524662;-0.19368315;0.19900815;-0.1370697;0.0115356445;0.007537842;0.1377606359383454;20.178223;-8.204651;-12.14447;24.93923;16.51941;5.000305;0.3271815;0.37522054;0.6239318;0.79820365;0.39375585;0.30462185;0.4952205;0.7119821;0.0;1.0;161.79688;-56.65625;-1.859375;171.43983;0.0;0;attığı yalana bak ördek kandırıyor sank;attığı yalana bak ördek kandırıyor sanki
47;23;Male;57;6;1;40;-0.44051808;8.491699;4.9257216;9.826786929923456;-0.42023978;8.44287;4.9710903;9.806651;-0.020278305;0.04882908;-0.04536867;0.069669254;-0.05973816;-0.042999268;-0.003112793;0.0736700365751387;20.5307;-7.4783325;-11.877441;24.869835;16.51941;5.000305;0.32694015;0.37370455;0.6240737;0.7975042;0.39306897;0.3033838;0.49554688;0.7126629;0.0;1.0;161.76562;-56.21875;-1.875;171.2664;0.0;0;attığı yalana bak ördek kandırıyor sank;attığı yalana bak ördek kandırıyor sanki
